menu_start_game_0|Bem-vindo ao Perisno! Uma terra onde Naphalis e Gigantes vagam nas antigas charnecas e florestas, os anões fazem grandiosos trabalhos em suas fortalezas nas montanhas e os homens formam impérios poderosos. Os antigos reinos quase caíram, mas as forças Klymorianas ainda estão à espreita nas sombras. Eles observam, esperando que quaisquer sinais do antigo reino de Perisno retornem mais uma vez. Você será aquele que restaura o antigo reino à sua antiga glória? Ou você vai construir um novo império sobre suas ruínas? Cuidado, herói. Existe perigo em cada curva...
mno_continue|Continuar...
mno_continue_door|Sair para o acampamento.
mno_go_back|Retornar.
menu_start_phase_2|{s1}
mno_town_1|Pegar um navio para Leuven, no Reino de Tolrania
mno_town_2|Juntar-se a uma caravana para Freising, ao Reich des Drachen.
mno_town_3|Juntar-se a uma caravana para Uliastai, na Nação do Deserto Drahara.
mno_town_4|Pegar um navio para Forde, na República Maccaviana.
mno_town_5|Juntar-se a uma caravana para Amarna, no Império Hakkon.
mno_town_6|Pegar um navio para Grund, no Clã Valahir.
mno_town_7|Pegar um navio para Forniron, na Nação Elintorana.
mno_town_8|Pegar um navio para a Fortaleza Azure, na floresta Geldarin.
mno_town_9|Juntar-se a uma caravana para Karnoth, capital da Confederação Kaikoth.
mno_town_10|Juntar-se a uma caravana para Dwallnor, cidade montanhosa da Confederação Kaikoth.
mno_town_11|Pegar um navio para Vellinaz, capital dos Gigantes Bakhal.
mno_town_12|Juntar-se a uma caravana para Sut, capital dos Gigantes de Sut.
menu_start_game_3|Escolha o seu cenário:
menu_tutorial|Você se aproxima de um campo onde os moradores locais estão treinando com armas. Você pode praticar aqui para melhorar suas habilidades de combate.
mno_go_back_dot|Retornar.
menu_reports|Renome: {reg5}^Honra: {reg6}^Moral das Tropas: {reg8}^Limite de Tropas: {reg7}^
mno_troop_tree_viewer|Ver Árvore de Tropas
mno_troop_tree_viewer_minor|Ver Árvore de Tropas (facções menores)
mno_action_view_trade_ledger|Ver Seus Registros de Comércio.
mno_action_view_trade_ledger_denied|Avaliar os Itens para iniciar seu Registro de Comércio.
mno_view_character_report|Ver relatório do personagem.
mno_view_party_size_report|Ver relatório do tamanho das tropas.
mno_view_weekly_budget_report|Ver relatório do orçamento semanal.
mno_view_morale_report|Ver relatório da moral das tropas.
mno_view_bank_report|Ver Relatório Financeiro
mno_dplmc_show_economic_report|Ver relatório de prosperidade.
mno_view_political_reports|Ver Relatórios Políticos e de Cortejo
mno_view_reference_materials|Material de Referência
mno_resume_travelling|Retomar viagem.
menu_reports_political|Relatórios Políticos e de Cortejo
mno_view_npc_mission_report|Ver relatório de missão dos companheiros.
mno_lord_relations|Ver lista de lordes conhecidos por relação.
mno_view_affiliated_family_report|Ver relatório de cônjuge/membro da família afiliado.
mno_courtship_relations|Ver relações de cortejo.
menu_reference_reports|Material de Referência
mno_action_view_all_troops1|Ver Todas as Tropas (facções principais)
mno_action_view_all_troops2|Ver Todas as Tropas (facções menores)
mno_action_view_all_items|Ver Todos os Itens
mno_return|Retornar
menu_custom_battle_scene|(NO TRANS)
menu_custom_battle_end|A batalha acabou. {s1} Seu lado matou {reg5} inimigos e perdeu {reg6} tropas durante a batalha. Você pessoalmente matou {reg7} homens na luta.
menu_start_game_0_5|Alternar Opções de Mod (Permanente)
mno_prs_diversion|Continuar...
mno_fog_of_war|Alternar Neblina de Guerra (Atualmente: {s10})
mno_hard_mode|Alterar Modo Díficil (Atualmente: {s10})
menu_start_game_1|Selecionar o gênero do personagem.
mno_start_male|Masculino
mno_start_female|Feminino
menu_start_game_male|Selecionar a raça do personagem.
mno_start_human_male|Humano
mno_start_elven_male|Naphali
mno_start_dwarf_male|Anão
mno_start_giant_male|Gigante
menu_start_game_female|Selecionar a raça da personagem.
mno_start_human_female|Humana
mno_start_elven_female|Naphali
mno_start_dwarven_female|Anã
menu_start_game_human|Onde você nasceu?
mno_start_human_northern|Uma ilha congelada ao norte.
mno_start_human_western|Uma pequena aldeia na costa oeste de Perisno.
mno_start_human_native_warband_backstory|Uma terra distante de Perisno (Início Clássico).
menu_start_game_dwarf|Onde você nasceu?
mno_start_dwarf_karnoth|Karnoth, a capital do Reino dos Anões.
mno_start_dwarf_native_warband_backstory|Uma terra distante de Perisno (Início Clássico).
menu_start_character_1_karnoth_dwarf|Você começou sua vida como um jovem Anão filho de um Kaikoth Punho de Ferro, um dos mais ferozes guerreiros anões do mundo. No entanto, seu pai morreu em uma guerra com o Império Hakkon quando você era apenas uma criança, e você foi criado por sua mãe.
menu_start_character_2_karnoth_dwarf|Os irmãos de armas de seu pai lhe ensinaram o básico sobre como empunhar uma espada quando você era jovem, mas com o passar do tempo, essas figuras paternas logo deixaram sua vida. O treinamento deles, entretanto, permaneceu com você. Nesse ponto, sua mãe vendeu o resto da riqueza de seu pai; exceto por um estandarte de suas conquistas, que ela se recusou a vender.
menu_start_character_3_karnoth_dwarf|Você foi forçado a trabalhar nas minas, mesmo quando jovem, para sustentar sua família. Você conseguiu sobreviver e sustentar sua mãe, mas não muito mais que isso.
menu_start_character_4_karnoth_dwarf|Eventualmente, você foi capaz de conseguir uma armadura de anão ao falar com um dos punhos de ferro, um ex-camarada de seu pai. Isso significava que você precisava trabalhar ainda mais nas minas; para sustentar sua família e pela metade do custo de cada peça de seu caro equipamento. No entanto, um dia você viu algo errado nas minas...
menu_start_character_1_tropical_human|Você nunca conheceu sua mãe, sem dúvida era alguma puta que seu pai gostava comer em suas viagens. Tudo o que foi dito a você foi que uma vez, quando seu pai voltou de uma viagem comercial, ele trouxe uma criança com ele, alegando ser de sua semente.
menu_start_character_2_tropical_human|Você cresceu ajudando-o com seu comércio, vivendo bem em qualquer cidade em que estava e depois voltando para a aldeia por um tempo para depositar seus ganhos em seu crescente patrimônio.
menu_start_character_3_tropical_human|Então, você partiu para mais uma missão comercial. Esta era para as ilhas Aroulo a oeste, lugares tribais, em sua maioria ignorados pelos principais reinos de Perisno..
menu_start_character_4_tropical_human|Para sua consternação, um grupo de piratas atacou seu navio, destruindo-o e matando seu pai, junto com o resto da tripulação. Você conseguiu escapar nadando para uma ilha próxima.
menu_start_character_1_north_human|Você nasceu neste mundo como {reg3?filha:filho} de uma família de guerreiros e pescadores em sua pequena ilha; que seus parentes chamam de Hylr.
menu_start_character_2_north_human|Seu pai tinha o nome de Izgromar, mas morreu quando você era jovem. Sua única lembrança dele é a vez em que ele voltou de um ataque e lhe ensinou a arremessar lanças. Após a morte dele, além de pescar para subsistência, você passou os dias treinando, seu objetivo se tornou honrar o nome de seu pai.
menu_start_character_3_north_human|Você era mais pobre do que a maioria, mas devido à sua habilidade com a lança, não passava muita fome. À medida que envelhecia, você treinava cada vez mais com suas armas e, finalmente, foi aceito para o próximo grupo de invasões que viajaria para as ricas terras dos Valahir, ao sul.
menu_start_character_4_north_human|A incursão correu bem no início. Quando uma patrulha Valahir se aproximou do grupo, seu líder, Torsson, conseguiu lutar contra três Hersirs sozinho. Você até conseguiu matar um ou dois Thrall. No entanto, um pouco da escória Valahir da patrulha conseguiu escapar e, logo depois, o próprio Aethling Svafar desceu sobre você. Sua inteligência o deixou, e vários outros homens, e você e seu grupo cavalgaram de volta para seu navio tão rápido quanto fosse possível em seus cavalos roubados, deixados com quase nada; sem seu líder.
menu_choose_skill|{s13}
mno_begin_adventuring|Torne-se um aventureiro e cavalgue em direção ao seu destino.
menu_past_life_explanation|{s3}
mno_view_next|{s5}
menu_morale_report|{s1}
menu_courtship_relations|{s1}
menu_lord_relations|{s1}
menu_companion_report|{s7}{s1}
menu_character_report|{s9}
menu_party_size_report|{s1}
menu_faction_relations_report|{s1}
menu_camp|Você montou acampamento. O que quer fazer?
mno_camp_action_1|Andar em volta.
mno_camp_mod_opition|Alterar Configurações do Jogo.
mno_camp_action|Tomar uma ação.
mno_camp_wait_here|Esperar aqui por algum tempo.
mno_camp_cheat|MENU DE TRAPAÇAS!
mno_dplmc_camp_manage_inventory|Gerenciar configurações de auto-pilhagem.
mno_dplmc_camp_manage_inventory_disabled|A auto-pilhagem requer Administração do Inventário ou Pilhagem nível 2.
menu_camp_cheat|Selecionar uma trapaça:
mno_camp_perisno|Opções do Perisno
mno_camp_cheat_find_item|Encontrar um item...
mno_camp_cheat_1|Me buff!
mno_camp_cheat_su|Trapaças de Desenvolvimento do Perisno.
mno_camp_cheat_coordinates|Me dê as coordenadas deste local!
mno_camp_change_race|Alterar raça
mno_camp_movetopage2|Próxima página
menu_camp_cheat_two|Selecionar uma trapaça:
mno_cheat_random_check|Me devolva Khivachis!
mno_cheat_reset_treachery|Redefinir as intenções traiçoeiras dos lordes
mno_cheat_start_tournament|Gerar menores!
mno_cheat_end_merc_contract|Eu quero terminar meu contrato de mercenário
mno_camp_cheat_325|Redefinir estandartes
mno_cheat_temp_1|Torneios
mno_camp_movetopage3|Próxima página
menu_camp_cheat_three|Selecionar uma trapaça:
mno_camp_cheatleo_resume_travelling|Retomar viagem
mno_cheat_spawn_rdahcim|Gerar Rdahcim
mno_cheat_spawn_locallord|Gerar Lorde do Reich Local
mno_cheat_spawn_gunnar|Gerar Gunnarr
mno_cheat_spawn_ripatrol|Gerar Patrullha RI
mno_cheat_minister|Corrigir o ministro (apenas para princesas bugadas)!
mno_cheat_playsupfix|Corrigir relações com os apoiadores do jogador
mno_cheat_infested_villages|Infestar todas as aldeias!
mno_camp_cheat_exchange_screen_temp_party|Lembre-me a senha
menu_camp_changerace|Selecionar uma raça
mno_cheat_change_race_hum_male|Humano
mno_cheat_change_race_hum_female|Humana
mno_cheat_change_race_elf_male|Naphali
mno_cheat_change_race_elf_female|Naphali
mno_cheat_change_race_dwa_male|Anão
mno_cheat_change_race_dwa_female|Anã
mno_cheat_change_race_gia_male|Gigante
mno_cheat_change_race_undead|Morto-vivo
mno_cheat_change_race_troll|Troll
mno_cheat_change_race_fugly_elven_female|Naphali Feiona
mno_cheat_change_race_resume|Retomar viagem
menu_camp_cheatleo|Selecionar uma trapaça:
menu_su_cheat_menu|Selecionar uma trapaça:
menu_su_unique_sp_cheat_menu|Selecionar uma trapaça:
menu_perisno_options|Opções do Perisno
mno_camp_minimap|Alternar Minimapa de Batalha (Atualmente: {s10})
mno_camp_companion|Alternar Reclamações dos Companheiros (atualmente: {s10})
mno_camp_factions_color|Mudar a cor das facções
mno_camp_go_back|Voltar ao menu do acampamento.
menu_camp_action|Escolher uma ação:
mno_camp_examine_map|Examinar {s15}
mno_camp_recruit_prisoners|Recrutar alguns prisioneiros para o grupo.
mno_action_read_book|Selecionar um livro para ler.
mno_action_rename_kingdom|Renomear o reino.
mno_action_change_party_name|Mudar o nome do grupo.
mno_action_change_vassal_title|Mudar o título de nobreza dos vassalos.
mno_action_retire|Se aposentar.
mno_camp_smoke_food|Preservar alimentos crus de seu inventário.
mno_camp_craft_armor|Produzir uma armadura.
mno_camp_action_4|Voltar ao menu do acampamento.
menu_camp_smoking_food|Que alimento você quer preservar (defumando ou salgando)? Parte pode se perder no processo, dependendo de suas habilidades culinárias, e isso levará algum tempo.
mno_smoke_fish|Vou preservar meu peixe.
mno_smoke_cattle_meat|Vou preservar minha carne de gado.
mno_smoke_venison|Vou preservar minha carne de veado.
mno_smoke_pork|Vou preservar minha carne de porco.
mno_smoke_chicken|Vou preservar meu frango.
mno_smoke_apples|Vou preservar minhas frutas.
mno_smoke_grapes|Vou preservar minhas uvas.
mno_leave|Deixar.
menu_camp_recruit_prisoners|Você oferece liberdade aos seus prisioneiros se eles concordarem em se juntar a você como soldados. {s18}
mno_camp_recruit_prisoners_accept|Aceitar.
mno_camp_recruit_prisoners_reject|Rejeitar.
menu_camp_lose_map|Quando você está prestes a colocar o mapa de volta, uma forte rajada de vento o tira de suas mãos...
menu_camp_no_prisoners|Você não tem prisioneiros para recrutar.
menu_camp_action_read_book|Escolher um livro para ler:
mno_action_read_book_1|{s1}.
mno_action_read_book_2|{s1}.
mno_action_read_book_3|{s1}.
mno_action_read_book_4|{s1}.
mno_action_read_book_5|{s1}.
mno_action_read_book_6|{s1}.
mno_action_read_book_7|{s1}.
mno_action_read_book_8|{s1}.
mno_action_read_book_9|{s1}.
mno_action_read_book_10|{s1}.
menu_camp_action_read_book_start|{s1}
menu_retirement_verify|Você está no dia {reg0}. Sua sorte atual é {reg1}. Tem certeza que deseja se aposentar?
mno_retire_yes|Sim.
mno_retire_no|Não.
menu_end_game|A decisão está tomada e você decide desistir de sua vida de aventuras e se estabelecer. Você vende suas armas e armaduras, reúne todo o seu dinheiro e cavalga em direção ao pôr do sol....
mno_end_game_bye|Adeus.
menu_cattle_herd|Você encontrou um rebanho de gado.
mno_cattle_drive_away|Conduzir o rebanho.
mno_cattle_stop|Parar o rebanho.
mno_cattle_kill|Abater alguns animais.
menu_cattle_herd_kill|Quantos animais você quer abater?
mno_cattle_kill_1|Um.
mno_cattle_kill_2|Dois.
mno_cattle_kill_3|Três.
mno_cattle_kill_4|Quatro.
mno_cattle_kill_5|Cinco.
menu_arena_duel_fight|Você e seu oponente se preparam para duelar.
menu_duel_menu|{s1}{s2}
mno_start_fight|Começar o duelo.
mno_duel_again|Duelar novamente.
menu_simple_encounter|{s2} Você tem {reg10} tropas aptas para a batalha contra {reg11} tropas inimigas.
mno_encounter_attack|Atacar o inimigo.
mno_encounter_order_attack|Ordenar às tropas para atacar sem você.
mno_encounter_leave|Sair.
mno_encounter_retreat|Recuar, deixando alguns soldados para trás para cobrir sua retirada.
mno_encounter_surrender|Se render.
menu_encounter_retreat_confirm|Como o membro do grupo com a maior habilidade tática, ({reg2}), {reg3?você elabora:{s3} elabora} um plano que permitirá que você e seus homens escapem com vida, mas você terá que deixar { reg4} soldados para trás para impedir o inimigo de persegui-lo.
mno_leave_behind|Vá em frente. O sacrifício desses homens salvará muitas vidas.
mno_dont_leave_behind|Não. Ninguém será deixado para trás.
menu_encounter_retreat|Você diz a {reg4} de suas tropas para segurar o inimigo enquanto você recua com o resto do seu grupo.
menu_order_attack_begin|Suas tropas se preparam para atacar o inimigo.
mno_order_attack_begin|Ordenar que o ataque comece.
mno_call_back|Chamar as tropas de volta.
menu_order_attack_2|{s4}^^Suas baixas: {s8}^^Baixas inimigas: {s9}
mno_order_attack_continue|Ordenar aos soldados que continuem o ataque.
mno_order_retreat|Chamar os soldados de volta.
menu_battle_debrief|{s11}^^Suas baixas: {s8} {s10} ^^Baixas inimigas:{s9}
menu_total_victory|Você não deveria estar lendo isso... {s9}
menu_enemy_slipped_away|{s17}
menu_total_victory_exception|Você não deveria estar lendo isso... {s9}
menu_permanent_damage|{s0}
mno_s0|{s0}
menu_pre_join|Você se depara com uma batalha entre {s2} e {s1}. Você decide...
mno_pre_join_help_attackers|Se mover para ajudar o {s2}.
mno_pre_join_help_defenders|Correr para ajudar o {s1}.
mno_pre_join_leave|Não se envolver.
menu_join_battle|Você está ajudando o {s2} contra o {s1}. Você tem {reg10} tropas preparadas para a batalha contra {reg11} do inimigo.
mno_join_attack|Atacar o inimigo.
mno_join_order_attack|Ordenar que as tropas ataquem com os aliados enquanto você fica para trás.
mno_join_leave|Sair.
mno_join_wounded|Você está muito ferido para lutar.
menu_join_order_attack|{s4}^^Suas baixas: {s8}^^Baixas aliadas: {s9}^^Baixas inimigas: {s10}
menu_zendar|Você entrou na cidade de Zendar.
mno_zendar_enter| 
mno_zendar_enter_door|centro.
mno_zendar_tavern| 
mno_zendar_tavern_door|taverna.
mno_zendar_merchant| 
mno_zendar_merchant_door|mercador.
mno_zendar_arena| 
mno_zendar_arena_door|arena.
mno_town_1_leave| 
menu_salt_mine|Você entrou na mina de sal.
mno_enter|Entrar.
menu_four_ways_inn|Você chegou na estalagem Quatro Estações.
menu_test_scene|Você entrou no cenário de teste.
menu_dhorak_keep|Você entrou na Fortaleza Dhorak
menu_zann_outpost|Você entrou no Posto Avançado Zann
mno_talk_merchant|Fale com o Comerciante Zann.
mno_talk_merchant_door|Sair para o acampamento.
mno_talk_zann_fort_captain|Fale com o Capitão da Fortaleza Zann.
mno_talk_zann_fort_captain_door|Sair para o acampamento.
menu_elkaru|Você cavalga até o castelo nevado de Elkaru, que já foi um refúgio para os piores assassinos, bandidos e saqueadores do mundo.
menu_freelancer_outpost|Você se aproxima do Posto Avançado Freelancer
menu_castle_merc_guild|Você está se aproximando do castelo da Guilda dos Mercenários.
mno_enter_merc_guild|Aproximar-se do castelo.
mno_enter_merc_guild_cortyard|Entrar no pátio.
mno_merc_change_race|[Contratar recrutas de uma raça diferente]
menu_merc_changerace|Selecionar uma raça
mno_merc_change_race_hum_male|Humanos
mno_merc_change_race_hum_female|Humanas
mno_merc_change_race_elf_male|Naphalis
mno_merc_change_race_elf_female|Naphalis
mno_merc_change_race_dwa_male|Anão
mno_merc_change_race_dwa_female|Anã
mno_merc_change_race_gia_male|Gigantes
mno_merc_change_race_gia_female|Gigantas
mno_merc_change_race_resume|Retomar viagem
menu_join_siege_outside|{s1} foi sitiado por {s2}.
mno_approach_besiegers|Aproximar-se do acampamento de cerco.
mno_pass_through_siege|Passar pelas linhas de cerco e entrar em {s1}.
menu_cut_siege_without_fight|Os sitiantes permitem que você se aproxime dos portões sem contestação.
menu_besiegers_camp_with_allies|{s1} permanece sob cerco. Os estandartes de {s2} ondeiam acima do acampamento dos sitiantes, onde você e seus homens são bem-vindos.
mno_talk_to_siege_commander| Solicitar uma reunião com o comandante.
mno_join_siege_with_allies|Juntar-se ao próximo assalto.
mno_join_siege_stay_back|Ordenar a seus soldados para unir-se ao próximo assalto sem você.
menu_castle_outside|Você se encontra nos arredores de {s2}.{s11} {s3} {s4}
mno_approach_gates|Aproximar-se dos portões e saudar os guardas.
mno_town_sneak|Disfarçar-se e tentar entrar despercebido na fortaleza.
mno_dplmc_riot_start_siege|Sitiar {reg6?a cidade:o castelo} para conter a revolta.
mno_dplmc_riot_negotiate|Iniciar negociações.
mno_castle_start_siege|Sitiar {reg6?a cidade:o castelo}.
mno_castle_leave|Deixar.
menu_castle_guard|Você se aproxima dos portões.^Os homens a postos nos muros lhe vigiam.
mno_request_shelter|Solicitar sua entrada ao castelo.
mno_request_meeting_commander|Solicitar uma audiência com alguém.
mno_guard_leave|Deixar.
menu_castle_entry_granted|Após uma breve espera, os guardas abrem os portões e permitem a sua passagem.
menu_castle_entry_denied|O lorde deste castelo proibiu sua entrada e o sargento da guarda lhe informa que dará ordem de disparo caso você se aproxime ainda mais.
menu_castle_meeting|Com quem deseja falar?
mno_guard_meet_s5|{s5}.
mno_forget_it|Esquecer isso.
menu_castle_meeting_selected|Sua petição é transmitida e finalmente o {s6} aparece no pátio para falar com você.
menu_castle_besiege|Você sitia {s1}. {s2} {s3}
mno_siege_request_meeting|Solicitar uma audiência com o lorde do castelo.
mno_wait_24_hours|Esperar até amanhã.
mno_castle_lead_attack|Liderar seus soldados em um assalto.
mno_attack_stay_back|Ordenar a seus soldados para atacar enquanto você guarda distância.
mno_build_ladders|Preparar escadas para atacar os muros.
mno_build_siege_tower|Construir uma torre de cerco.
mno_lift_siege|Abandonar o cerco.
menu_deer_herd|Você encontrou um rebanho de veados.
mno_deer_kill|Caçar alguns dos animais.
menu_deer_herd_kill_end|Você não deveria estar lendo isso.
menu_coat_herd|Você encontrou um rebanho de cabras. Elas pertencem ao rebanho de um pastor que balança o estilingue para você até que você se vá embora.
menu_coat_herd_kill_end|Você não deveria estar lendo isso.
menu_coatb_herd|Você encontrou um rebanho de cabras.
mno_coatb_kill|Caçar alguns dos animais.
menu_coatb_herd_kill_end|Você não deveria estar lendo isso.
menu_boar_herd|Você encontrou uma manada de javalis.
mno_boar_kill|Caçar alguns dos animais.
menu_boar_herd_kill_end|Você não deveria estar lendo isso.
menu_wolf_herd|Você encontrou uma matilha de lobos.
mno_wolf_kill|Caçar alguns dos lobos.
menu_wolf_herd_kill_end|Você não deveria estar lendo isso.
menu_wilddonkey_herd|Você encontrou uma manada de Burros Selvagens.
mno_wilddonkey_kill|Caçar alguns dos animais.
menu_wilddonkey_herd_kill_end|Você não deveria estar lendo isso.
menu_siege_attack_meets_sally|Os defensores se preparam para repelir seu assalto.
menu_castle_besiege_inner_battle|{s1}
menu_construct_ladders|Como membro do seu exército com maior habilidade de engenharia ({reg2}), {reg3?você estima:{s3} estima} que construir escadas suficientes para o assalto levará {reg4} horas.
mno_build_ladders_cont|Iniciar a construção.
menu_construct_siege_tower|Como membro do seu exército com maior habilidade de engenharia ({reg2}), {reg3?você estima:{s3} estima} que construir uma torre de cerco para o assalto levará {reg4} horas.
mno_build_siege_tower_cont|Iniciar a construção.
menu_castle_attack_walls_simulate|{s4}^^Suas baixas: {s8}^^Baixas inimigas: {s9}
menu_castle_attack_walls_with_allies_simulate|{s4}^^Suas baixas: {s8}^^Baixas aliadas: {s9}^^Baixas inimigas: {s10}
menu_castle_taken_by_friends|Não há nada para ver aqui.
menu_castle_taken|{s3} caiu para suas tropas, e agora você tem total controle {reg2?da cidade:do castelo}. Você pode saquear espólios de guerra no valor de {reg3} aurums. {reg1?Você pode posicionar tropas aqui para defender o assentamento de inimigos que possam querer recapturá-lo. Além disso, você deve selecionar agora se irá manter {reg2?a cidade:o castelo} para você ou dar para um vassalo fiel...:}
mno_dplmc_spoils_yourself|Saquear e pegar os espólios só para você.
mno_dplmc_spoils_accompanying_vassals|Saquear e compartilhar os espólios igualmente entre você e os vassalos que {o/a} acompanham.
mno_dplmc_spoils_all_vassals|Saquear e compartilhar os espólios igualmente entre você e os seus vassalos.
menu_castle_taken_2|{s3} caiu para suas tropas, e agora você tem controle total do castelo. É hora de avisar {s9} sobre sua vitória. {s5}
mno_castle_taken_claim|Solicitar que {s3} lhe seja entregue.
mno_castle_taken_claim_2|Solicitar que {s3} seja entregue a {sua esposa/seu marido}.
mno_castle_taken_no_claim|Não pedir recompensas.
menu_requested_castle_granted_to_player|Você recebe uma mensagem de seu suserano, {s3}.^^ {reg4?Ela:Ele} decidiu recompensá-l{o/a} com {s2}{reg3? e a aldeia vizinha de {s4}:} com todas as suas rendas e títulos, para que você administre em seu nome enquanto mantiver seu juramento de lealdade.
menu_requested_castle_granted_to_player_husband|Você recebe uma mensagem de seu suserano, {s3}.^^ {reg4?Ela:Ele} decidiu recompensá-l{o/a} com {s2}{reg3? e a aldeia vizinha de {s4}:} para seu marido, o {s7}.
menu_requested_castle_granted_to_another|Você recebe uma mensagem de seu monarca, {s3}.^^ "Estou gratamente impressionado com o conhecimento dos seus valentes esforços na tomada de {s2}. Sua vitória alegrou nossos corações. Você também solicita a propriedade do castelo, mas este é um favor que temo não poder satisfazer. Você já conta com significativas propriedades em meu reino. Sendo assim, estou lhe enviando {reg6} aurums para cobrir seus gastos, mas {s2} será entregue ao {s5}." 
mno_accept_decision|Aceitar a decisão.
mno_leave_faction|Você foi traíd{o/a}! Renuncie ao juramento que fez a seu senhor!
menu_requested_castle_granted_to_another_female|Você recebe uma mensagem de seu monarca, {s3}.^^ "Estou gratamente impressionado com o conhecimento dos seus valentes esforços na tomada de {s2}. Sua vitória alegrou nossos corações. Você também solicita a propriedade do castelo para seu esposo, mas este é um favor que temo não poder satisfazer. Ele já conta com significativas propriedades em meu reino. Sendo assim, estou lhe enviando {reg6} aurums para cobrir seus gastos, mas {s2} será entregue ao {s5}." 
menu_leave_faction|Renunciar a um juramento de lealdade é algo muito grave. Seu senhor poderá condená-l{o/a}, além de confiscar suas terras e propriedades. No entanto, se você as devolver de forma voluntária, pode ser que ele perdoe sua traição sem que necessite lutar.
mno_leave_faction_give_back|Renunciar ao juramento de lealdade e suas posses.
mno_leave_faction_hold|Renunciar ao juramento de lealdade, mas manter suas posses, incluindo {s2}, em seu nome.
mno_leave_faction_cancel|Permanecer leal e aceitar a decisão.
menu_give_center_to_player|Seu senhor lhe oferece a extensão de seus feudos! O {s1} envia uma mensagem na qual oferece a você {s2} como pagamento por seu leal serviço, adicionando-o a suas posses. Qual será sua resposta?
mno_give_center_to_player_accept|Aceitar a oferta.
mno_give_center_to_player_reject|Rejeitar a oferta. Você não tem o menor interesse em {s2}.
menu_give_center_to_player_2|Com uma breve cerimônia, você foi declarado oficialmente amo e lorde de {s2}{reg3? e sua aldeia vizinha {s4}:}. {reg3?Eles serão:Esta propriedade será} um bom adicional a seu feudo. A partir de agora você pode reclamar as rendas e os lucros de suas propriedades, recrutar soldados da plebe e gerenciar as terras como bem lhe convenha. No entanto, também se espera que defenda seu feudo e sua gente, assim como que mantenha a lei e a ordem.
menu_oath_fulfilled|Você tinha um contrato com o {s1}, para servi-lo durante certo tempo. Seu contrato expirou. O que fará?
mno_renew_oath|Renovar seu contrato com {s1} por mais um mês.
mno_dont_renew_oath|Liberar-se de suas obrigações.
menu_siege_started_defender|{s1} estão preparando um assalto aos muros de {s2}. Você possui {reg10} soldados aptos para combater as {reg11} tropas inimigas. O que fará?
mno_dplmc_negotiate_with_besieger|Negotiate with the besieger.
mno_siege_defender_join_battle|Unir-se à batalha.
mno_siege_defender_troops_join_battle|Ordenar a seus soldados para unir-se à batalha sem você.
menu_siege_join_defense|{s4}^^Suas baixas: {s8}^^Baixas aliadas: {s9}^^Baixas inimigas: {s10}
menu_enter_your_own_castle|{s10}
menu_village|{s10} {s12}^{s11}^{s6}{s7}
mno_village_manage|Gerenciar aldeia.
mno_recruit_volunteers|Recrutar voluntários.
mno_village_center|Ir ao centro da aldeia.
mno_village_center_door|Centro da Aldeia
mno_dplmc_village_elder_meeting|Conhecer o Ancião da Aldeia.
mno_village_buy_food|Comprar suprimentos dos camponeses.
mno_dplmc_village_auto_buy_food|Compre comida automaticamente.
mno_village_attack_bandits|Atacar os bandidos.
mno_village_wait|Esperar aqui por um tempo.
mno_dplmc_village_counter_insurgency|Conter a revolta.
mno_dplmc_village_negotiate|Iniciar negociações.
mno_collect_taxes_qst|{reg5?Continuar arrecadando impostos:Arrecadar impostos} para o {s1}.
mno_train_peasants_against_bandits_qst|Treinar os camponeses.
mno_village_hostile_action|Empreender uma ação hostil.
mno_village_reports|Exibir relatórios.
mno_unloot_village|! CHEAT: unloot village
mno_village_leave|Deixar...
menu_village_hostile_action|Que ação tem em mente?
mno_village_take_food|Forçar os camponeses a dar-lhe suprimentos.
mno_village_steal_cattle|Roubar gado.
mno_village_loot|Saquear a aldeia e arrasá-la.
menu_recruit_volunteers|{s18}
mno_continue_not_enough_gold|Não tenho dinheiro suficiente...
mno_recruit_them|Recrutá-los ({reg6} aurums).
menu_village_hunt_down_fugitive_defeated|Um forte golpe do fugitivo lhe faz cair ao solo, sua visão fica turva e você perde a consciência. O tempo passa. Ao abrir seus olhos novamente, você percebe que se encontra sangrando de múltiplas feridas, mas afortunadamente não parecem ser letais.
menu_village_infest_bandits_result|{s9}
menu_village_infestation_removed|Em uma batalha épica, você e seus homens conseguem expulsar os bandidos da aldeia, recuperando a paz novamente. Os camponeses já não possuem muitos bens depois de tal provação, mas lhe oferecem tudo o que podem encontrar.
mno_village_bandits_defeated_accept|Aceitar. É sua merecida recompensa.
mno_village_bandits_defeated_cont|Recusar. Eles precisam destas coisas mais que você.
menu_center_manage|{s19}^{reg6?^^Você atualmente está construindo {s7}. O edifício ficará pronto em {reg8} dia{reg9?s:}.:}
mno_center_build_manor|Construir uma casa senhorial.
mno_center_build_fish_pond|Construir um moinho.
mno_center_build_watch_tower|Construir uma torre de vigia.
mno_center_build_guard_tower|Construir um posto de guarda.
mno_center_build_school|Construir uma escola.
mno_center_build_messenger_post|Construir um posto de mensagens.
mno_center_build_prisoner_tower|Construir uma torre de prisioneiros.
mno_center_build_palisade|Construir uma paliçada.
mno_center_build_caltrops|Construir estrepes.
mno_center_build_guild|Construir um salão da guilda.
mno_center_build_university|Construir uma universidade.
mno_center_build_blacksmith|Construir uma forja de ferreiro.
mno_center_build_caravan_escort|Construir um posto de escolta de caravanas.
mno_center_build_bookstore|Construir uma livraria.
mno_center_build_festival_square|Construir uma praça de festivais.
mno_center_build_mercenaryguild|Construir uma guilda mercenária.
menu_center_improve|{s19} Como membro do seu exército com maior habilidade de engenharia ({reg2}), {reg3?você estima:{s3} estima} que a construção de {s4} lhe custará {reg5} aurums e levará {reg6} dias.
mno_dplmc_improve_cont|Vá em frente. (Pagar do tesouro)
mno_improve_cont|Continuar.
mno_improve_not_enough_gold|Não tenho dinheiro suficiente para isso.
menu_town_enemies_failed|{s4} {s5}
menu_town_enemies_succeeded|Os habitantes locais caem diante de você como o trigo para uma foice! Logo você fica sozinho nas ruas enquanto a maioria de seus agressores jaz inconscientes, mortos ou morrendo. Procurando nos corpos, você encontra uma bolsa pertencente a um desses tolos. Talvez você deva melhorar sua reputação neste lugar para evitar novas hostilidades...
menu_town_bandits_failed|{s4} {s5}
menu_town_bandits_succeeded|Os bandidos caem frente a você como o trigo ante a foice! Logo, você pára nas ruas desertas enquanto todos os seus atacantes jazem inconscientes, mortos ou agonizantes. Ao buscar entre os corpos, você encontra uma bolsa que deve ter pertencido a alguma outra vítima desses brutos. Ou talvez lhes foi entregue por alguém que tenha pago por sua morte.
menu_village_steal_cattle_confirm|Como membro do seu exército com maior habilidade para pilhagem ({reg2}), {reg3?você estima:{s1} estima} que pode roubar umas {reg4} cabeças de gado da aldeia.
mno_village_steal_cattle_confirm|Continuar.
menu_village_steal_cattle|{s1}
menu_village_take_food_confirm|Será difícil forçar e ameaçar os camponeses para que lhe entreguem seus preciosos suprimentos. Você acredita que isso levará pelo menos uma hora.
mno_village_take_food_confirm|Começar.
menu_village_take_food|Os camponeses relutantemente aceitam dar-lhe suas posses.
mno_take_supplies|Tomar os suprimentos.
mno_let_them_keep_it|Desistir de tomá-los.
menu_village_start_attack|Alguns dos camponeses irritados tomam suas ferramentas e se preparam para a resistência. Parece que você terá uma batalha em suas mãos se continuar com seus planos.
mno_village_raid_attack|Atacar.
mno_village_raid_leave|Deixar a aldeia em paz.
menu_village_loot_no_resist|Os camponeses são poucos e estão assustados. Eles rapidamente partem em fuga e se dispersam. A aldeia agora está em suas mãos.
menu_village_loot_complete|Você ordena a suas tropas para saquear a aldeia, tomar tudo de valor e em seguida atear fogo às casas. Das moedas e objetos de valor, sua parte é {reg1} aurums.
menu_village_loot_defeat|Lutando com coragem e determinação, os camponeses são capazes de suportar o ataque e repelir suas forças.
menu_village_loot_continue|Deseja continuar saqueando a aldeia?
mno_disembark_yes|Sim.
mno_disembark_no|Não.
menu_close|Nada.
menu_town|{s10} {s14}^{s11}{s12}{s13}
mno_castle_castle|Ir à sala do lorde{s1}.
mno_castle_castle_door|Castelo
mno_join_tournament|Unir-se ao torneio.
mno_town_castle|Ir ao castelo{s1}.
mno_town_castle_door|Castelo
mno_town_center|Caminhar pelas ruas.
mno_town_center_door|Centro da Cidade
mno_town_tavern|Visitar a taverna.
mno_town_tavern_door|Taverna
mno_town_merchant|Falar com um mercador.
mno_town_merchant_door|Loja
mno_town_arena|Entrar na arena.
mno_town_arena_door|Arena
mno_town_dungeon|Nunca: Entrar nos calabouços.
mno_town_dungeon_door|Calabouço
mno_castle_inspect|Caminhar pelo pátio.
mno_castle_inspect_door|Pátio
mno_fort_trilond_inspect|Dar uma volta ao redor do forte.
mno_fort_trilond_inspect_door|Pátio do forte.
mno_visit_lady|Tentar visitar uma dama.
mno_visit_lady_door|Jardins
mno_trade_with_merchants|Ir ao mercado.
mno_castle_station_troops|Posicionar uma guarnição aqui...
mno_dplmc_castle_give_troops|Dar tropas para a guarnição (não pode remover)
mno_town_bank|Visitar os proprietários de terras e banqueiros.
mno_dplmc_guild_master_meeting|Conhecer o Mestre da Guilda.
mno_castle_wait|Esperar aqui por um tempo{s1}.
mno_recruit_falcaonacademy|Recrutar da Academia do Falcão.
mno_recruit_nobles|Recrutar Nobres.
mno_recruit_mercenaryguild|Recrutar Mercenários.
mno_walled_center_manage|Gerenciar {reg0?cidade:castelo}.
mno_manage_kingdom|Gerenciar seu reino.
mno_walled_center_move_court|Transferir sua corte para cá
mno_et_local_castle_merchant|Negociar com o mercador local
mno_town_leave|Deixar...
mno_town_leave_door|Deixar Esta Área
mno_center_reports|Mostrar relatórios.
menu_cannot_enter_court|Está sendo celebrada uma festa na sala do lorde, mas você não possui o nível social necessário para merecer um convite. Talvez aumentando o seu prestígio você consiga ser admitid{o/a} em círculos tão distintos... ou também pode tentar se destacar em um torneio. Enquanto isso, a festa continua...
menu_lady_visit|A quem deseja visitar?
mno_visit_lady_1|Visitar a {s12}
mno_visit_lady_2|Visitar a {s12}
mno_visit_lady_3|Visitar a {s12}
mno_visit_lady_3_door|Jardins
mno_visit_lady_4|Visitar a {s12}
mno_visit_lady_5|Visitar a {s12}
mno_visit_lady_6|Visitar a {s12}
mno_visit_lady_7|Visit {s12}
mno_visit_lady_8|Visit {s12}
menu_town_tournament_lost|Você foi eliminado do torneio.{s8}
menu_town_tournament_won|Você ganhou o torneio de {s3}! Os espectadores se levantam e você sente um profundo orgulho enquanto todos gritam seu nome. Além da honra, fama e glória, você também ganha um prêmio de {reg9} aurums. {s8}
menu_town_tournament_won_by_another|Sendo a única pessoa invicta hoje, {s1} ganha os prêmios e a glória deste torneio.
menu_town_tournament|{s1}Você se encontra no nível {reg0} do torneio, restando ainda {reg1} participantes. Na próxima rodada, haverá {reg2} equipes, cada uma com {reg3} {reg4?lutadores:lutador}.
mno_tournament_view_participants|Ver participantes.
mno_tournament_bet|Apostar em si mesmo.
mno_tournament_join_next_fight|Lutar na próxima rodada.
mno_leave_tournament|Retirar-se do torneio.
menu_tournament_withdraw_verify|Tem certeza de que quer se retirar do torneio?
mno_tournament_withdraw_yes|Sim. Isto não faz sentido.
mno_tournament_withdraw_no|Não. Não enquanto houver chance de eu vencer!
menu_tournament_bet|As apostas contra você são de {reg5} a {reg6}.{reg1? Você já apostou {reg1} aurums e, se ganhar, obterá {reg2} aurums.:} Quanto você quer apostar?
mno_bet_500_denars|500 aurums.
mno_bet_200_denars|200 aurums.
mno_bet_100_denars|100 aurums.
mno_bet_50_denars|50 aurums.
mno_bet_25_denars|25 aurums.
menu_tournament_bet_confirm|Se apostar {reg1} aurums, ganhará {reg2} aurums caso consiga a vitória no torneio. Você concorda?
mno_tournament_bet_accept|Continuar.
mno_tournament_bet_cancel|Esquecer isso.
menu_tournament_participants|Você pergunta a um pregoeiro os nomes dos participantes no torneio. Eles são:^{s11}
menu_collect_taxes|Como membro do seu exército com maior habilidade para barganha ({reg2}), {reg3?você espera:{s1} espera} que a arrecadação de impostos dure {reg4} dias...
mno_start_collecting|Começar a arrecadação.
mno_collect_later|Adiá-la por mais um tempo.
menu_collect_taxes_complete|Você arrecadou {reg3} aurums dos impostos de {s3}. O {s19} espera que leve o dinheiro para ele.
menu_collect_taxes_rebels_killed|Sua rápida resposta e mãos de ferro acabaram com a revolta. Seguramente, se ainda resta alguém querendo se rebelar contra você, pensará duas vezes a partir de agora.
menu_collect_taxes_failed|Você só pôde arrecadar {reg3} aurums como impostos de {s3} antes do início da revolta. O {s1} não ficará contente, mas qualquer ouro é melhor que nada...
menu_collect_taxes_revolt_warning|A gente de {s3} está indignada com suas demandas e as consideram uma extorsão. Todos estão muito agitados e podem reagir mal se você continuar os pressionando.
mno_continue_collecting_taxes|Ignorá-los e prosseguir.
mno_halve_taxes|Aceitar reduzir a arrecadação à metade. ({s1} pode não gostar)
menu_collect_taxes_revolt|Você é interrompido durante a arrecadação dos impostos de {s3}. Um grande grupo de {reg9?camponeses:plebeus} irritados se aproximam, gritando e portando tochas e armas. Parece que pretendem lutar contra você!
menu_train_peasants_against_bandits|Como membro do seu exército com maior habilidade para instrução ({reg2}), {reg3?você estima:{s1} estima} que preparar alguns camponeses para as práticas levará {reg4} horas.
mno_make_preparation|Treiná-los.
mno_train_later|Adiar para mais tarde.
menu_train_peasants_against_bandits_ready|Você treina os camponeses em conhecimentos básicos sobre soldadesca, disciplina e obediência. Você acredita que {reg0} deles {reg1?aprenderam:aprendeu} o suficiente e {reg1?estão prontos:está pronto} para iniciar as práticas.
mno_peasant_start_practice|Começar as práticas de luta.
menu_train_peasants_against_bandits_training_result|{s0}
menu_train_peasants_against_bandits_attack|Enquanto se prepara para continuar com o treinamento, um sentinela da aldeia corre até você, dando o alarme. Bandidos foram vistos no horizonte, cavalgando velozmente para {s3}. O ancião insiste para que você prepare suas tropas recém-treinadas e os confronte.
mno_peasants_against_bandits_attack_resist|Preparar para a batalha!
menu_train_peasants_against_bandits_attack_result|{s9}
menu_train_peasants_against_bandits_success|Os bandidos foram derrotados! Os poucos que restam estão fugindo com o rabo entre as pernas, aterrorizados pelos camponeses e seu novo campeão. Pouco restou aos aldeões após tal provação, mas eles lhe oferecem tudo o que encontram como forma de gratidão.
menu_disembark|Deseja desembarcar?
menu_ship_reembark|Deseja embarcar?
mno_reembark_yes|Sim.
mno_reembark_no|Não.
menu_center_reports|Nome da aldeia: {s1}^Rendimento por rendas: {reg1} aurums^Rendimento por impostos: {reg2} aurums^Reserva de alimentos: suficiente para {reg3} dias
mno_to_price_and_productions|Mostrar preços e produções.
menu_price_and_production|A produção é:^(Nota: base/modificação por matérias-primas/modificação por materiais e prosperidade)^{s1}^^Os fatores de preços são:^{s2}
menu_town_trade|Você se dirige ao mercado.
mno_town_enterprise|Visitar {s3}.
mno_town_enterprise_door|Meu Negócio
mno_auto_sell|Vender itens automaticamente.
mno_assess_prices|Avaliar os preços locais.
mno_trade_with_arms_merchant|Negociar com o mercador de armas.
mno_trade_with_armor_merchant|Negociar com o mercador de armaduras.
mno_trade_with_horse_merchant|Negociar com o mercador de cavalos.
mno_trade_with_goods_merchant|Negociar com o mercador de bens.
mno_auto_buy_food|Comprar comida automaticamente.
mno_back_to_town_menu|Retornar.
menu_manage_kingdom|Qual aspecto do seu reino você gostaria de modificar?
mno_reset_color|Mudar a cor do reino.
mno_get_adviser|Contratar um conselheiro para ajudar no gerenciamento do reino.
mno_back|Voltar ao menu da cidade.
mno_player_retainers_change_race|[Contratar Guardas Domésticos de uma raça diferente]
menu_playerretainers_changerace|Selecionar uma raça
mno_playerretainers_change_race_hum_male|Humanos
mno_playerretainers_change_race_hum_female|Humanas
mno_playerretainers_change_race_elf_male|Naphali
mno_playerretainers_change_race_elf_female|Naphali
mno_playerretainers_change_race_dwa_male|Anões
mno_playerretainers_change_race_dwa_female|Anãs
mno_playerretainers_change_race_gia_male|Gigantes
mno_playerretainers_change_race_resume|Retomar viagem
menu_dplmc_trade_auto_sell_begin|Os itens em seu inventário que são permitidos de serem vendidos e que têm preços abaixo de {reg1} aurums serão vendidos para {reg2? o mercador adequado:ancião} na atual {reg2?cidade:aldeia} automaticamente. Alimentos, bens comerciais e livros nunca serão vendidos.^^Você pode mudar algumas configurações aqui livremente.
mno_change_settings|Mudar configurações.
menu_dplmc_trade_auto_buy_food_begin|Você vai comprar comida automaticamente de acordo com sua lista de compras. Deseja continuar?^^Você pode visualizar e configurar a lista de compras aqui.
mno_dplmc_change_shopping_list_of_food|Configurar lista de compras.
menu_town_trade_assessment_begin|Você escuta várias conversas sobre o preço dos bens nesta área e presta muita atenção, tentando encontrar as melhores ofertas.
menu_town_trade_assessment|Como membro do seu exército com maior habilidade para barganha ({reg2}), {reg3?você tenta:{s1} tenta} encontrar os melhores bens para o comércio. {s2}
menu_sneak_into_town_suceeded|Disfarçando-se de pobre peregrino, você consegue enganar os guardas e entrar na cidade.
menu_sneak_into_town_caught|Ao tentar entrar sem chamar a atenção, um dos guardas lhe reconhece e dá o alarme! Você deve fugir através dos portões antes que outros guardas lhe alcancem!
mno_sneak_caught_fight|Tentar lutar!
mno_sneak_caught_surrender|Render-se.
menu_sneak_into_town_caught_dispersed_guards|Você afugentou os guardas e cobriu seus rastros ao escapar, despistando seus perseguidores entre o labirinto de ruas.
menu_sneak_into_town_caught_ran_away|Você sai pelos portões e rapidamente retira-se para a segurança das colinas.{s11}
menu_enemy_offer_ransom_for_prisoner|O {s2} oferece uma soma de {reg12} aurums em prata se você aceitar vender o {s1}.
mno_ransom_accept|Aceitar a oferta.
mno_ransom_reject|Rejeitar a oferta.
menu_training_ground|Você se aproxima de um campo de treinamento, onde pode praticar suas habilidades de combate. Que tipo de atividade deseja praticar?
mno_camp_trainer|Falar com o treinador.
mno_camp_train_melee|Praticar o combate corpo a corpo.
mno_camp_train_archery|Praticar com armas a distância.
mno_camp_train_mounted|Praticar montaria.
menu_training_ground_selection_details_melee_1|Quantos oponentes você irá enfrentar?
mno_camp_train_melee_num_men_1|Um.
mno_camp_train_melee_num_men_2|Dois.
mno_camp_train_melee_num_men_3|Três.
mno_camp_train_melee_num_men_4|Quatro.
menu_training_ground_selection_details_melee_2|Escolha seu oponente #{reg1}:
mno_training_ground_selection_details_melee_random|Escolher aleatoriamente.
menu_training_ground_selection_details_mounted|Com que tipo de arma deseja treinar?
mno_camp_train_mounted_details_1|Arma de uma mão.
mno_camp_train_mounted_details_2|Arma de haste.
mno_camp_train_mounted_details_3|Arco.
mno_camp_train_mounted_details_4|Arma de arremesso.
menu_training_ground_selection_details_ranged_1|Com que tipo de arma à distância deseja treinar?
mno_camp_train_ranged_weapon_bow|Arco e flechas.
mno_camp_train_ranged_weapon_crossbow|Besta.
mno_camp_train_ranged_weapon_thrown|Lança.
menu_training_ground_selection_details_ranged_2|A que distância deseja praticar?
mno_camp_train_ranged_details_1|10 jardas.
mno_camp_train_ranged_details_2|20 jardas.
mno_camp_train_ranged_details_3|30 jardas.
mno_camp_train_ranged_details_4|40 jardas.
mno_camp_train_ranged_details_5|50 jardas.
mno_camp_train_ranged_details_6|60 jardas.
mno_camp_train_ranged_details_7|70 jardas.
menu_training_ground_description|{s0}
menu_training_ground_training_result|{s7}{s2}
menu_captivity_avoid_wilderness|De repente, o mundo escurece ao seu redor. Você retoma a consciência várias horas depois, exatamente no mesmo lugar onde havia caído. Seus inimigos devem ter pensado que você estava morto e por isso lhe deixaram ali. No entanto, parece que nenhum de seus ferimentos é letal, e ainda que se sinta terrivelmente mal, percebe que ainda pode andar. Você levanta e tenta encontrar outros sobreviventes de seu exército.
menu_captivity_start_wilderness|Ignorar
menu_captivity_start_wilderness_surrender|Ignorar
menu_captivity_start_wilderness_defeat|Seus inimigos lhe aprisionam...
menu_captivity_start_castle_surrender|Ignorar
menu_captivity_start_castle_defeat|Ignorar
menu_captivity_start_under_siege_defeat|Seus inimigos lhe aprisionam.
menu_captivity_wilderness_taken_prisoner|Seus inimigos lhe aprisionam.
menu_captivity_wilderness_check|ignorar
menu_captivity_end_wilderness_escape|Após sofrer dias terríveis em poder de seus captores, surge uma oportunidade de escapar e você aproveita!
menu_captivity_castle_taken_prisoner|Os guardas rapidamente lhe cercam e lhe desarmam. Entre insultos e empurrões você é jogado ao calabouço, onde passa os miseráveis dias de duração do seu cativeiro.
menu_captivity_rescue_lord_taken_prisoner|Você mantém seu disfarce durante todo o tempo possível antes de revelar sua identidade. Os guardas, indignados, golpeiam-lhe violentamente antes deixá-lo novamente na cela, por Deus sabe quanto tempo...
menu_captivity_castle_check|ignorar
menu_captivity_end_exchanged_with_prisoner|Finalmente, após dias de encarceramento, devolvem sua liberdade. Seus captores lhe trocaram por outro prisioneiro.
menu_captivity_end_propose_ransom|Você passa longas horas na úmida escuridão da masmorra, mais do que pode contar. De repente, um de seus captores entra em sua cela com uma oferta. Propõe lhe libertar em troca de {reg5} aurums da sua fortuna escondida. O que fará?
mno_captivity_end_ransom_accept|Aceitar a oferta.
mno_captivity_end_ransom_deny|Rejeitá-la e esperar algo melhor.
menu_captivity_castle_remain|Seguem passando-se os dias na escuridão de sua cela. Você tenta lidar com isso da melhor forma possível, suportando agressões e insultos dos guardas, vendo como seu corpo desnutrido murcha ainda mais...
menu_kingdom_army_quest_report_to_army|O {s8} lhe envia uma mensagem. Deseja que você una-se a sua nova campanha militar. Você precisará levar ao menos {reg13} soldados para o exército e recrutar mais homens o quanto antes, caso não tenha o suficiente número.
menu_kingdom_army_quest_messenger|O {s8} lhe envia uma mensagem comunicando que deseja falar com você sobre um trabalho. Pede que vá a seu encontro o quanto antes.
menu_kingdom_army_quest_join_siege_order|O {s8} lhe envia uma mensagem comunicando que você deve unir-se ao cerco de {s9} em preparação para o assalto final. Suas tropas devem tomar {s9} a qualquer custo.
menu_kingdom_army_follow_failed|Você desobedeceu ordens e não seguiu o {s8}. Enfurecido, ele {o/a} expulsou do exército e enviou-lhe uma dura advertência para que isto não ocorra novamente.
menu_invite_player_to_faction_without_center|Você recebeu uma oferta de vassalagem!^^O {s8} do {s9} enviou um arauto real com o convite em mãos. Você fará a honra de converter-se em {lorde vassalo/dama vassala} do {s9} e, por sua vez, o {s8} pede que jure-lhe lealdade e lute em suas campanhas militares, embora não lhe ofereça títulos ou terras. Sem dúvida se mostrará muito ofendido se você não aceitar sua oferta...
mno_faction_accept|Aceitá-la!
mno_faction_reject|Rejeitar o convite.
menu_invite_player_to_faction|Você recebeu uma oferta de vassalagem!^^O {s8} do {s9} enviou um arauto real com o convite em mãos. Você fará a honra de converter-se em {lorde vassalo/dama vassala} do {s9} e, por sua vez, o {s8} pede que jure-lhe lealdade e lute em suas campanhas militares. Ele está lhe oferecendo o feudo de {s2} como recompensa por seus serviços. Sem dúvida, se mostrará muito ofendido se você não aceitar sua oferta...
menu_invite_player_to_faction_accepted|Para converter-se em seu vassalo, você deve jurar lealdade ao {s3}. Deve encontrá-lo e oferecer seu juramento pessoalmente. {s5}
menu_question_peace_offer|Oferta de paz^^O {s1} lhe oferece um tratado de paz. Qual é sua resposta?
mno_peace_offer_accept|Aceitar.
mno_dplmc_peace_offer_terms|Ditar os termos de paz
mno_peace_offer_reject|Recusar.
menu_notification_truce_expired|Trégua expirada^^A trégua entre o {s1} e o {s2} terminou.
menu_notification_feast_quest_expired|{s10}
menu_notification_sortie_possible|Inimigo avistado: Tropas inimigas foram avistadas do outro lado dos muros de {s4}, e o {s5} e outros estão se preparando para sair. Você pode unir-se a eles se assim desejar.
menu_notification_casus_belli_expired|Sem resposta^^O {s1} não respondeu às provocações do {s2}, e {s3} sofre uma clara perda de prestígio entre seus vassalos mais hostis...
menu_notification_lord_defects|Deserção^^O {s4} reununciou sua aliança com o {s5} e se uniu ao {s7}, prestando a ele seus feudos
menu_notification_treason_indictment|Acusação de traição^^{s9}
menu_notification_border_incident|Incidente na fronteira^^Chegam a você notícias de que {s9}. Embora não saiba se os rumores são verdadeiros, uma coisa é certa: este incidente entusiasmou o {s4}, por isso será mais fácil convencê-los a ir à guerra contra o {s3}, se assim desejarem...
menu_notification_player_faction_active|A partir de agora você possui terras em seu nome, sem estar vinculad{o/a} a nenhum outro reino. Isto lhe converte em monarca por direito próprio, com sua corte por hora localizada em {s12}. No entanto, os outros reis em Calradia já lhe consideram uma clara ameaça, pois se qualquer novo-rico senhor da guerra pode ascender a um trono, a própria legitimidade daqueles cai em dúvida.^^Talvez seja do seu interesse dedicar-se a consolidar a posição de seu novo reino. Se você deseja continuar como monarca soberano destas terras, então sua primeira prioridade deveria ser estabelecer suas próprias leis. Neste sentido, você pode consolidar seu direito de governar por distintas vias: casar-se com uma família de alta patente, recrutar novos lordes vassalos, governar suas terras, firmar acordos com outros reis, ou enviar seus seguidores em diferentes missões.^^De qualquer forma, seu primeiro passo deveria ser nomear um primeiro-ministro eleito dentre seus companheiros mais leais para que este {o/a} ajude a gerir os assuntos de Estado, e para isso você deve levar em conta suas distintas capacidades.^^Você pode nomear novos ministros de vez em quando. Também pode mudar a localização de sua corte, falando com o ministro.
mno_appoint_spouse|Nomear {reg0?sua esposa:seu marido}, {s10}...
mno_dplmc_appoint_spouse_plus_1|Nomear {reg0?sua esposa:seu marido}, {s10}...
mno_appoint_default|Nomear um cidadão proeminente da área...
mno_appoint_npc1|Nomear {s10}.
mno_appoint_npc2|Nomear {s10}.
mno_appoint_npc3|Nomear {s10}.
mno_appoint_npc4|Nomear {s10}.
mno_appoint_npc5|Nomear {s10}.
mno_appoint_npc6|Nomear {s10}.
mno_appoint_npc7|Nomear {s10}.
mno_appoint_npc8|Nomear {s10}.
mno_appoint_npc9|Nomear {s10}.
mno_appoint_npc10|Nomear {s10}.
mno_appoint_npc11|Nomear {s10}.
mno_appoint_npc12|Nomear {s10}.
mno_appoint_npc13|Nomear {s10}.
mno_appoint_npc14|Nomear {s10}.
mno_appoint_npc15|Nomear {s10}.
mno_appoint_npc16|Nomear {s10}.
mno_appoint_npc17|Appoint {s10}
mno_appoint_npc18|Appoint {s10}
mno_appoint_npc19|Appoint {s10}
menu_minister_confirm|{s9} se encontra em sua corte, em {s12}. Você deve consultá-lo com frequência, para evitar que se acumulem problemas não resolvidos que dependem da sua autoridade...
menu_notification_court_lost|{s14}
menu_notification_player_faction_deactive|Seu reino não possui mais terras.
menu_notification_player_wedding_day|{s8} lhe informa que os preparativos para seu casamento em {s10} estão prontos, de modo que espera-se sua presença com a maior brevidade.
menu_notification_player_kingdom_holds_feast|{s11}
menu_notification_center_under_siege|{s1} foi sitiado pelo {s2} do {s3}!
menu_notification_village_raid_started|Sua aldeia está sendo atacada!^^{s2} do {s3} está arrasando {s1}.
menu_notification_one_faction_left|Calradia conquistada por um reino^^O {s1} venceu a todos os seus rivais, formando um reino unificado.
menu_notification_oath_renounced_faction_defeated|Sua antiga facção foi derrotada^^Você ganhou a batalha contra o {s1}! Isto encerra sua rixa, que começou quando você renunciou seu juramento.
menu_notification_center_lost|Propriedade perdida^^Você perdeu {s1} frente ao {s2}.
menu_notification_troop_left_players_faction|Traição!^^O {s1} abandonou o {s2} e se uniu ao {s3}.
menu_notification_troop_joined_players_faction|Boas novas!^^O {s1} abandonou o {s2} e se uniu ao {s3}.
menu_notification_war_declared|Declaração de guerra^^O {s1} declarou guerra ao {s2}!
menu_notification_peace_declared|Tratado de paz^^O {s1} e o {s2} fizeram as pazes!
menu_notification_faction_defeated|Facção eliminada^^O {s1} não existe mais!
menu_notification_rebels_switched_to_faction|Sucesso da revolta^^ Sua revolta saiu vitoriosa! Sua facção tem o legítimo e indiscutível direito para reclamar o trono do {s11}, com {s12} como seu único soberano.
menu_notification_player_should_consult|Seu ministro envia-lhe uma carta na qual afirma que existem problemas no reino que, se deixados de lado, poderiam abater a sua autoridade. Você deve se consultar com ele o mais rápido possível
menu_notification_player_feast_in_progress|Banquete em preparação^^Sua esposa iniciou os preparativos para celebrar um banquete em seu salão em {s11}
menu_notification_lady_requests_visit|Uma criada anciã aproxima-se de seu exército e entrega uma carta a um dos seus homens, selada com cera comum. Está dirigida a você. Você rompe o selo que a lacra, observa que vem de {s15} e ler... "Gostei muito da sua última visita. {s14} Atualmente encontro-me em {s10}.{s12}
menu_garden|{s12}
mno_nurse|Acompanhar a criada.
menu_nibor_in_p_village_15|O grupo Capuz de Nibor ocupou esta aldeia. Embora não pareça que os locais se importem com sua presença.
menu_result_nibor_in_village_15|{s2}
menu_schlacht_im_randomdorf_1|Um bando de nobres desonestos e seus mercenários passaram a residir nesta vila. Alguém precisa lidar com eles.
menu_result_schlacht_im_randomdorf_1|{s2}
menu_nibor_rebellion_in_town|Os bandidos Capuz de Nibor infestaram a cidade! Muitos cidadãos, bem como parte das tropas da guarnição, juntaram-se a eles. Outros preferem não interferir. Alguém percisa lidar com os rebeldes!
menu_result_nibor_rebellion_in_town|{s2}
menu_oim_talk_to_bandits_horse|{s2}
mno_defend_village_|Se preparar para a luta!
menu_oim_bandits_battle_for_horse_result|{s2}
menu_kill_local_merchant_begin|Você encontra sua vítima e a segue, observando como ela vira para uma viela escura. Seguramente esta será a melhor oportunidade que terá para atacar.
menu_weeping_murder_noble|Você vê o Lorde Bersculta saindo da taverna e o segue por um momento.
menu_weeping_hello_zolona|Lorde Bersculta cai no chão, morto. Você pega a adaga, mas das sombras, Zolona aparece.
menu_debug_alert_from_s65|DEBUG ALERT: {s65}
menu_auto_return_to_map|stub
menu_bandit_lair|{s3}
mno_continue_1|Atacar a guarida.
mno_leave_no_attack|Deixar...
mno_leave_victory|Continuar...
mno_leave_defeat|Continuar...
menu_notification_player_faction_political_issue_resolved|Após consultar-se com os pares do reino, o {s10} decidiu conceder {s11} ao {s12}.
menu_notification_player_faction_political_issue_resolved_for_player|Após consultar-se com os pares do reino, o {s10} decidiu lhe conceder {s11}. Você pode recusar tal honra, mas isso significa que provavelmente não receberá novas gratificações durante um tempo.
mno_accept|Aceitar a honra.
mno_decline|Recusar a honra.
menu_start_phase_3|{s16}^^Você está tão exausto que quando encontra a pousada de {s1}, cai mergulhado em um sono profundo rapidamente. No entanto, se levanta antes do amanhecer e está ansioso para explorar os arredores. Então você se aventura pelas ruas, ainda desertas. De repente, escuta um barulho que lhe põe em alerta... o inconfundível som de uma lâmina deslizando-se de sua bainha...
menu_lost_tavern_duel|{s11}
menu_establish_court|Para estabelecer sua corte em {s4} serão necessárias certas reformas. Você precisará principalmente de um jogo de ferramentas e um rolo de veludo. Também levará algum tempo até que todos os seus seguidores se transfiram para cá. Deseja continuar?
mno_establish|Estabelecer sua corte em {s4} 
mno_establish_ask_minister|Solicitar ao Ministro para estabelecer sua corte em {s4}. (15000 aurums)
mno_establish_ask_minister_notenough|Solicitar ao Ministro para estabelecer sua corte em {s4}. (15000 aurums)
menu_notification_relieved_as_marshal|{s4} deseja informá-l{o/a} de que seus serviços como marechal já não são necessários. Para honrar seus valorosos esforços a favor do reino nos últimos {reg4} dias, contudo, {reg5?ela:ele} lhe oferece uma bolsa com {reg5} aurums.
menu_dplmc_manage_loot_pool|{s10}
mno_dplmc_auto_loot|Deixar os herois escolherem os equipamentos a partir da pilhagem.
mno_dplmc_auto_loot_no|Espaço insuficiente na pilhagem para se auto-equiparem.
mno_dplmc_loot|Acessar a pilhagem.
mno_dplmc_auto_loot_upgrade_management|Atualizar as opções de equipamento dos NPCs.
mno_dplmc_leave|{s20}
mno_dplmc_leave_and_take_a|Recolher {reg0} de {reg20} itens no chão e sair.
mno_dplmc_leave_and_take_b|Recolher os {reg20} {reg0?itens:item} remanescentes no chão e sair.
mno_dplmc_leave_and_take_c|Não há espaço suficiente em seu inventário.
menu_dplmc_auto_loot|Seus herois se equiparão automaticamente com os objetos da pilhagem baseados nas opções pré-selecionadas de melhoria. Os herois que estão em primeiro na lista do grupo serão os primeiros a se equipar. Qualquer equipamento que não for necessário voltará para a pilhagem. Qualquer item na pilhagem será perdido quando você sair. Tem certeza que quer fazer isso?
mno_dplmc_autoloot_no|Não, eu mudei de ideia.
mno_dplmc_autoloot_yes|Sim, realizar a melhoria.
menu_dplmc_notification_alliance_declared|Acordo de Aliança^^{s1} e {s2} formaram uma aliança!^{s57}
mno_dplmc_continue|Continuar...
menu_dplmc_notification_defensive_declared|Pacto Defensivo^^{s1} e {s2} formaram um pacto de defesa!^{s57}
menu_dplmc_notification_trade_declared|Acordo Comercial^^{s1} e {s2} firmaram um acordo comercial!^{s57}
menu_dplmc_notification_nonaggression_declared|Tratado de Não-agressão^^{s1} e {s2} firmaram um tratado de não-agressão!^{s57}
menu_dplmc_question_alliance_offer|Você Recebeu uma Oferta de Aliança^^{s1} quer formar uma aliança com você. Qual é a sua resposta?
mno_dplmc_alliance_offer_accept|Aceitar
mno_dplmc_alliance_offer_reject|Recusar
menu_dplmc_question_defensive_offer|Você Recebeu uma Oferta de Pacto Defensivo^^{s1} propõe um pacto defensivo. Qual é a sua resposta?
mno_dplmc_defensive_offer_accept|Aceitar
mno_dplmc_defensive_offer_reject|Recusar
menu_dplmc_question_trade_offer|Você Recebeu uma Oferta de Acordo Comercial^^{s1} propõe um acordo comercial. Qual é a sua resposta?
mno_dplmc_trade_offer_accept|Aceitar
mno_dplmc_trade_offer_reject|Recusar
menu_dplmc_question_nonaggression_offer|Você Recebeu uma Oferta de Tratado de Não-agressão^^{s1} propõe um tratado de não-agressão. Qual é a sua resposta?
mno_dplmc_nonaggression_offer_accept|Aceitar
mno_dplmc_nonaggression_offer_reject|Recusar
menu_dplmc_notification_alliance_expired|Uma Aliança Expirou^^A aliança entre o {s1} e {s2} expirou e reduziu-se a um pacto defensivo.
menu_dplmc_notification_defensive_expired|Um Pacto Defensivo Expirou^^O pacto de defesa entre o {s1} e {s2} expirou e reduziu-se a um acordo comercial.
menu_dplmc_notification_trade_expired|Um Acordo Comercial Expirou^^O acordo comercial entre o {s1} e {s2} expirou e reduziu-se a um tratado de não-agressão.
menu_dplmc_dictate_terms|Ditar seus termos de paz.
mno_dplmc_demand_4000|Demandar 4000 aurums
mno_dplmc_demand_8000|Demandar 8000 aurums
mno_dplmc_demand_castle|Demandar {s2}.
mno_dplmc_go_back|Voltar
menu_dplmc_deny_terms|{s1} recusa seus termos e rompe as negociações.
menu_dplmc_village_riot_result|{s9}
menu_dplmc_village_riot_removed||Em uma sangrenta batalha, você e seus homens massacraram os rebeldes e recuperaram o controle da aldeia. Mas não restou muito o que controlar.
menu_dplmc_town_riot_removed|Em uma sangrenta batalha, você e seus homens massacraram os rebeldes e recuperaram o controle da cidade.
menu_dplmc_riot_negotiate|Você se aproxima da multidão furiosa e começa as negociações. O líder do motim exige {reg0} aurums. Ele concorda em baixar as armas se você estiver dispost{o/a} a pagar.
mno_dplmc_pay_riot_treasury|Dizer ao tesoureiro que pague com o dinheiro do tesouro.
mno_dplmc_pay_riot_cash|Pagar com seu dinheiro.
mno_dplmc_back|Voltar...
menu_dplmc_notification_riot|Os camponeses de {s1} se revoltaram contra você! Em um ataque surpresa, homens leais a você foram assassinados. O restante se uniu à multidão enfurecida.
menu_dplmc_notification_appoint_chamberlain|Como senhor de um feudo você pode nomear um tesoureiro que residirá em sua corte por um salário semanal de 15 aurums. Ele se encarregará de todos os assuntos financeiros, como o recolhimento e a fixação da taxa de impostos, pagamento de salários e a gestão do seu patrimônio. Ademais, supervisionará as transferências de dinheiro entre reinos, dando a você mais opções diplomáticas.
mno_dplmc_appoint_default|Nomear um proeminente nobre da região.
menu_dplmc_chamberlain_confirm|Você encontrará o tesoureiro em sua corte. Consulte-o se quiser conselhos sobre algum tema financeiro ou caso precise de mais dinheiro. Você deverá sempre se assegurar de que haja dinheiro suficiente no tesouro para tomar algumas decisões políticas.
menu_dplmc_notification_appoint_constable|Como senhor de um feudo, você pode nomear um comissário que residirá em sua corte por um salário semanal de 15 aurums. Ele recrutará novas tropas e proverá informações sobre seu exército.
menu_dplmc_constable_confirm|Você encontrará o comissário em sua corte. Consulte-o se quiser recrutar mais tropas ou obter informações detalhadas sobre seu exército.
menu_dplmc_notification_appoint_chancellor|Como senhor de um feudo, você pode nomear um chanceler que residirá em sua corte por um salário semanal de 20 aurums. Ele será encargado das correspondências entre você e outras pessoas importantes.
menu_dplmc_chancellor_confirm|Você encontrará o chanceler em sua corte. Consulte-o se quiser enviar mensagens ou presentes.
menu_dplmc_deserters|Alguns dos seus homens não acreditam que você possa pagar seus salários e por isso desertaram. Perda total: {s11} homens.
menu_dplmc_negotiate_besieger|Você aparece com uma bandeira branca no alto do muro. Depois de um tempo, um negociador de {s11} se aproxima. Ele demanda {s6} e todas as aldeias associadas, bem como {reg0} aurums de salvo conduto.
mno_dplmc_comply_treasury|Concordar e dizer ao tesoureiro que pague com o dinheiro do tesouro.
mno_dplmc_comply|Concordar e pagar com seu próprio dinheiro.
mno_dplmc_break_off|Romper as negociações.
menu_dplmc_messenger|Senhor, encontrei {s10} e entreguei sua mensagem. Sua resposta foi {s11}.
menu_dplmc_scout|Seu espião regressou de {s10}^^{s11}{s12}
menu_dplmc_domestic_policy|Agora você pode eleger a política interna do seu reino. Deseja alterar sua política interna agora?
mno_dplmc_yes|Sim, quero alterar a política interna.
mno_dplmc_no|Não, eu não quero alterar a política interna.
menu_dplmc_affiliated_family_report|{s0}
menu_dplmc_economic_report|{s0}
menu_dk_invasion_start_warning|Um agricultor, com o rosto coberto de suor e o corpo vermelho de sangue, corre até sua comitiva enquanto você viaja. "{s1}!" ele grita, correndo até você. "Espere, por favor! Eu imploro, ouça o que tenho a dizer!"^^O agricultor leva um momento para recuperar o fôlego e então olha para você com desespero. “Chegaram invasores estrangeiros, todos vestidos com uma estranha armadura negra e empunhando armas terríveis! Fuja, {s1}, o quanto puder! É o dia do juízo final! Eu mesmo os vi! Eles já conquistaram dois castelos e vão conquistar outro! Por favor, corra! O Dia da Perdição está sobre nós!"^^ Com isso, o agricultor foge para longe.
menu_pre_invasion|Enquanto você viaja, ouve rumores de viajantes na estrada sobre uma misteriosa ameaça estrangeira chamada "Zann".^^Esses homens supostamente empunham armas terríveis e têm formas exóticas de lutar.^^Dizem que seus navios chegarão em Perisno daqui a um mês, e que eles terão um enorme exército de mais de 4000 tropas de elite chegando.^^Embora isso possa ser mentira, você deve se preparar para o pior, caso os Zann desembarquem sobre esta terra.
menu_rafklazan|Um mensageiro cavalga até você e diz que um grupo de invasores estrangeiros comandados por alguém chamado Rei Rafklazan desembarcou na costa de Perisno por acidente.
menu_ulfhednar|Um mensageiro cavalga até você e diz que um infame Invasor Volheere de Nisaynia desembarcou com seu exército de berserkers.
menu_zolona|Um mensageiro cavalga até você e diz que uma rainha nômade veio dos desertos distantes e está decidindo ficar aqui em Perisno.
menu_thirdlegion|Um mensageiro cavalga até você e diz que um general da Terceira Legião reuniu seus soldados e agora está marchando para a guerra.
menu_zeladeck|Um mensageiro cavalga até você e diz que os Illicanos nas montanhas das terras do Reich proclamaram seu "Escolhido" e agora estão marchando para a guerra contra o Reich.
menu_dreaded_and_faith|Você ouve rumores urgentes e notícias de viajantes em todos os lugares de que algo enorme aconteceu entre os Adoradores de Grazir e os Cavaleiros da Águia. Eles dizem que os dois estouraram uma guerra em grande escala, e nenhum dos lados está recuando. Alguns rumores falam de uma presença sombria e maligna perto de Galwe e de uma grande coluna de luz em erupção nas montanhas perto de Lille. Você pode querer verificar essas ocorrências com seus próprios olhos.
menu_general_ialoch|Um mensageiro cavalga até você e diz que um general demoníaco chamado Ialoch levantou seus exércitos e agora está vagando pelas terras.
menu_nox_of_zephilli|Um mensageiro cavalga até você e diz que um homem chamado Nox de Zephilli se autoproclamou como o "Escolhido" que se levantará e conquistará Perisno em nome de um antigo Reino de Perisno. Ele agora está vagando pela terra, reunindo apoio aonde quer que vá e desafiando qualquer um que ouse dizer que ele não é o imperador por direito.
menu_lord_ceylius|Você ouve a notícia de que o Senhor dos Mercenários, Lorde Ceylius, reuniu um bando de mercenários e agora está vagando pela terra, atacando caravanas e arrasando aldeias por onde passa.
menu_queen_aegea|Você ouve a notícia de que as Amazonas se reuniram sob o estandarte de sua proclamada Rainha, Aegea, e agora estão vagando pelas terras.
menu_count_eton|Um mensageiro cansado passa por seu grupo, informando que o Conde Eton de Lymbar reuniu suas forças para recuperar o condado de Lymbar para sua ordem de cavaleiros.
menu_event_01|Um bardo local compôs uma pequena canção sobre seus feitos.
mno_choice_01_1|Essa é uma ótima notícia!
mno_choice_01_2|Gostaria de recompensá-lo com 300 aurums. Deixe ele continuar seu trabalho!
mno_choice_01_3|Uma canção? Que tipo de idiota cantará uma canção sobre mim? Eu mereço um conto épico! Traga-me a cabeça dele!
menu_event_02|Um mendigo solitário vem até você e pede esmolas. Ele cheira a podre e seu fedor é insuportável.
mno_choice_02_1|Dar ao pobre homem 100 aurums.
mno_choice_02_2|Ignorar ele e continuar.
mno_choice_02_3|O idiota cheira a chiqueiro! Jogue-o na fazenda mais próxima, onde ele pertence!
menu_event_03|Um jovem e arrogante nobre espalha mentiras ultrajantes sobre você pelas suas costas. Se isso não parar, em breve você será motivo de chacota por todos.
mno_choice_03_1|Eu o desafio para um duelo!
mno_choice_03_2|Não é da minha conta.
mno_choice_03_3|Contratar alguns Assassinos de Ral'Daiun por 500 aurums e certificar-se de que ele encontre seu fim de uma maneira "natural".
menu_event_04|Um bardo compôs uma longa canção sobre seus feitos heróicos.
mno_choice_04_1|Essa é uma ótima notícia!
mno_choice_04_2|Gostaria de recompensá-lo com 1000 aurums. Deixe ele continuar seu trabalho!
mno_choice_04_3|Uma canção? Que tipo de idiota cantará uma canção sobre mim? Eu mereço um conto épico! Traga-me sua cabeça, e eu vou vê-lo cantar - em dor!
menu_event_05|Um bardo mestre compôs um conto épico de seus feitos lendários.
mno_choice_05_1|Essa é uma ótima notícia!
mno_choice_05_2|Gostaria de recompensá-lo com 3000 aurums. Deixe ele continuar seu trabalho!
mno_choice_05_3|Não é bom o suficiente. Diga a ele para fazer dois contos épicos ou eu terei sua cabeça.
menu_event_06|Enquanto você está viajando, um bando de agricultores se aproxima e pergunta se eles poderiam se juntar ao seu grupo.
mno_choice_06_1|Claro!
mno_choice_06_2|Não, obrigado. Não tenho espaço e não preciso de mais tropas.
menu_event_07|Enquanto você viaja, um pequeno grupo de camponesas se aproxima de você e pergunta se poderiam se juntar ao seu grupo. Elas disseram que sua aldeia foi invadida e agora elas não têm para onde ir.
mno_choice_07_1|Claro!
mno_choice_07_2|Não preciso de novas tropas.
mno_choice_07_3|Não, mas talvez elas possam fazer alguns favores aos meus homens cansados da viagem...
menu_event_08|Seus homens montam acampamento e você nota algo estranho. Um campo de tipos desconhecidos de cogumelos está diante de você. O que você faz?
mno_choice_08_1|Comer eles.
mno_choice_08_2|Compartilhar eles com o exército.
mno_choice_08_3|Fazer nada.
menu_event_09|Seus homens acampam e você nota algo estranho. Um campo de tipos desconhecidos de cogumelos está diante de você. O que você faz?
mno_choice_09_1|Comer eles.
mno_choice_09_2|Compartilhar eles com o exército.
mno_choice_09_3|Fazer nada.
menu_event_10|Enquanto viaja, você conhece um Cavaleiro do Lobo. Sua "matilha" o abandonou e ele deseja se juntar ao seu grupo como um retardatário.
mno_choice_10_1|Claro!
mno_choice_10_2|Não tenho espaço e não preciso de mais tropas.
menu_event_11|Você se depara com alguns escravos Desouk fugitivos.
mno_choice_11_1|Ajudar eles.
mno_choice_11_2|Devolver eles aos escravagistas Desouk.
menu_event_12|Você se depara com uma luta entre um grupo de bandidos e mercadores. Os mercadores parecem estar perdendo e, assim que o vêem, imploram por sua ajuda.
mno_choice_12_1|Matar todos os bandidos.
mno_choice_12_2|Ajudar os bandidos.
mno_choice_12_3|Destruir os dois grupos e pegar todo o saque.
menu_event_13|Tendo ouvido falar de suas famosas façanhas, um grupo de mercenários se aproxima de você e pergunta se eles poderiam se juntar ao seu grupo.
mno_choice_13_1|Deixar que eles se juntem.
mno_choice_13_2|Não preciso de mercenários.
menu_event_14|Um fanático religioso Adorador dos Novos Deus segue seu exército. Ele cria muita inquietação, mas também ganha alguns convertidos.
mno_choice_14_1|Deixar ele em paz. É um verdadeiro homem de fé por ter tanta coragem.
mno_choice_14_2|Oferecer a ele um lugar em suas tropas!
mno_choice_14_3|Matar o idiota.
menu_event_15|Um fanático religioso Adorador dos Deuses Antigos segue seu exército. Ele cria muita inquietação, mas também ganha alguns convertidos.
mno_choice_15_1|Deixar ele em paz. É um verdadeiro homem de fé por ter tanta coragem.
mno_choice_15_2|Oferecer a ele um lugar em suas tropas!
mno_choice_15_3|Matar o idiota.
menu_event_16|Você encontra um Cavaleiro da Águia ferido. Ele diz a você que ele e seu grupo foram emboscados pelos Adoradores de Grazir e pede que você o leve em seu grupo.
mno_choice_16_1|Deixar que ele se junte.
mno_choice_16_2|Não preciso de mais ninguém. Principalmente Cavaleiros da Águia.
mno_choice_16_3|Torturar e executar ele. Cavaleiros da Águia não merecem menos.
menu_event_17|Você encontra um Sacerdote Grazir ferido. Ele diz a você que ele e seu grupo foram emboscados por Cavaleiros da Águia e pede que você o leve em seu grupo.
mno_choice_17_1|Deixar ele se juntar.
mno_choice_17_2|Não preciso de mais ninguém. Principalmente Sacerdotes de Grazir.
mno_choice_17_3|Torturar e executar ele. Sacerdotes Grazir não merecem menos.
menu_event_18|Durante a viagem, seu grupo se depara com uma pequena cabana com um jardim adjacente. Embora haja peixes cozinhando em uma fogueira na frente, parece que não há ninguém aqui.
mno_choice_18_1|Saquear a cabana!
mno_choice_18_2|Ignorar a cabana e continuar seu caminho.
mno_choice_18_3|Deixar uma pequena bolsa de 300 aurums perto do fogo e continuar seu caminho
menu_event_19|Você se depara com um pequeno rebanho de gado.
mno_choice_19_1|Matar e comer os animais!
mno_choice_19_2|Continuar.
mno_choice_19_3|Caçar os animais para se divertir.
menu_event_20|Você se depara com um pequeno grupo de Cavaleiros Livres. Eles parecem ter abandonado recentemente seu ex-capitão.
mno_choice_20_1|Perguntar se desejam se juntar a você.
mno_choice_20_2|Continuar.
mno_choice_20_3|Matar eles por abandonarem seu capitão.
menu_event_21|Um batedor vem cavalgando até você e diz que encontrou um homem amarrado a uma árvore. Ao investigar, você descobre que ele foi amarrado porque bandidos locais iam usá-lo como tiro ao alvo, mas então você suas tropas chegaram.
mno_choice_21_1|Desamarrar ele.
mno_choice_21_2|Deixar ele lá. Por que devemos nos importar?
mno_choice_21_3|Desamarrar ele e dar suprimentos
menu_event_22|Seu grupo tropeçou em uma criança das estepes ferida.
mno_choice_22_1|Levar ela e pedir um resgate ao ancião de sua aldeia.
mno_choice_22_2|Continuar.
mno_choice_22_3|Ajudar a criança.
menu_event_23|Você está viajando e passando por um campo de batalha quando vê um saqueador escolhendo cuidadosamente os cadáveres de homens honrados. O homem ergue os olhos e vê você se aproximando. Ele parece assustado, mas entende que não poderia escapar de qualquer maneira, então ele apenas fica lá tremendo e esperando seu destino.
mno_choice_23_1|Matar ele e pegar seu saque e, em seguida, lançar os lobos sobre ele...
mno_choice_23_2|Continuar.
mno_choice_23_3|Este homem está certo em fazer isso! Qualquer pessoa com bom senso faria o mesmo.
menu_event_24|Ao atravessar um terreno particularmente acidentado, você ouve uma flecha passando perto de sua cabeça e se chocando contra um dos escudos de suas tropas. Antes que você possa reagir, outra flecha se crava no chão ao lado do seu pé. É claro que alguém acabou de tentar assassiná-lo.
mno_choice_24_1|Enviar sua tropa mais rápida para encontrar e capturar o assassino.
mno_choice_24_2|Enviar uma tropa mais pesada para encontrar e matar o assassino.
mno_choice_24_3|Deixar o assassino escapar. Na próxima vez, você estará pronto.
menu_event_25|Seus olhos captam um brilho de metal no solo abaixo.
mno_choice_25_1|Parar seu grupo e investigar o brilho.
mno_choice_25_2|Ignorar e seguir em frente.
menu_event_26|Você vê um filhote de lobo mancando na estrada na sua frente. É evidente que ele foi ferido e separado de seus pais e não sobreviverá por muito tempo sozinho.
mno_choice_26_1|Tirar seu sofrimento.
mno_choice_26_2|Oferecer um pouco de carne.
mno_choice_26_3|Deixar ele como está.
menu_change_color|Que cor você gostaria de definir para o reino?^Quando uma cor é selecionada, um exemplo será exibido.^Essas opções também podem ser encontradas no Acampamento para cores mais detalhadas.
mno_color_brown|Marrom (padrão).
mno_color_violet|Violeta.
mno_color_olive|Oliva.
mno_color_red|Vermelho.
mno_color_white|Branco.
mno_color_black|Preto.
mno_back_to_kingdom_management|Retornar ao menu de gerenciamento do reino.
menu_do_change_color|Mudar seu reino para esta cor?
mno_color_yes|Sim.
mno_color_no|Não.
menu_hire_adviser|Qual conselheiro você gostaria de contratar?
mno_intel_adviser|{s1}
mno_highmarshal|{s1}
menu_hire_intel_adviser|Um {s1} controla uma rede de espiões em toda Perisno. Ele pode dizer quais senhores estão infelizes em outros reinos, quais castelos são menos defendidos e onde os monarcas de cada facção estão se escondendo.^Um {s1} custa 5000 aurums para ser contratado. Deseja prosseguir?
mno_yes|Sim.
mno_no|Não.
menu_hire_high_marshal|Um {s1} é o comandante dos exércitos do centro do reino e tem uma série de opções, incluindo a possibilidade de contratar grupos de guerra e muito mais. Ele custa 20000 aurums. Deseja prosseguir?
menu_assassination_failed|Um mensageiro adentra em seu grupo.^^"{reg33?Senhora:Senhor}, trago notícias graves. Seu ataque a {s2} falhou. Os assassinos atacaram de madrugada, enquanto o lorde se dirigia à latrina, mas a primeira tentativa falhou quando ele se abaixou para tirar algo do sapato. Infelizmente, o elemento surpresa foi perdido e ele lutou contra os assassinos.^^Seu Mestre Espião envia suas condolências.
menu_assassination_fought_off|Um mensageiro adentra em seu grupo.^^"{reg33?Senhora:Senhor}, trago boas notícias. Seu ataque a {s2} falhou. Os assassinos atacaram ao anoitecer, mas os guardas estavam alertas e enfrentaram os assassinos. Muitos morreram, mas o lorde escapou. No entanto, a comitiva pessoal de {s2} foi reduzida e levará algum tempo antes que ele possa reconstruir suas forças.^^Seu Mestre Espião manda dizer que este pode ser um momento favorável para lançar um ataque.
menu_assassination_prosperity|Um mensageiro adentra em seu grupo.^^"{reg33?Senhora:Senhor}, trago notícias confusas. Seu ataque a {s2} foi bem-sucedido. No entanto, faltou o elemento surpresa e, antes que pudessem administrar o golpe mortal, os assassinos foram abatidos.^^Dito isso, nem tudo está perdido. Vendo seu lorde ser atacado, os feudos dele ficaram abalados com a vulnerabilidade de seu Senhor, e falava-se de guerra, embora ninguém soubesse de quem. A prosperidade de todas as posses de {s2} caiu em vinte pontos e isso o afetará economicamente, embora ele ainda esteja vivo.^Seu Mestre Espião envia suas parabenizações.
menu_assassination_fiefed|Um mensageiro adentra em seu grupo.^^"{reg33?Senhora:Senhor}, trago ótimas notícias. Seu ataque a {s2} foi bem-sucedido. Não, ele não está morto, é uma pena. Mas, aparentemente, seu soberano já estava insatisfeito com sua vassalagem, e este ataque confirmou a fraqueza de {s2}.^^{reg33?Senhora:Senhor}, {s1} dispensou {s2} de todas as suas terras e títulos e os concedeu a {s3}!^^{s2} está humilhado e sem terras! Seu Mestre Espião {o/a} parabeniza por sua astúcia!
menu_notification_give_vassal_gift|{s4} está reconhecendo seu serviço leal como vassalo, recompensando você com um {s1}.
menu_recruit_nobles|{s18}
menu_recruit_mercenary|Alguns mercenários estão diante de você.
mno_recruit_mercs1|Recrutar alguns mercenários novatos. (2500 aurums)
mno_recruit_mercs2|Recrutar alguns mercenários experientes. (5000 aurums)
mno_recruit_mercs3|Recrutar alguns mercenários veteranos. (7500 aurums)
mno_forget_it2|Esquecer isso, não tenho dinheiro.
menu_recruit_falconacademy|Você percebe o silêncio dos estudiosos acadêmicos ao lado do som familiar de armas se chocando. Os voluntários que defendem o Reino do Falcão estão aprimorando suas habilidades nesta instalação. Alguns parecem estar dispostos a seguir você, mas você deve pagar uma taxa por isso.
mno_recruit_falcs1|Pagar as taxas de alguns voluntários novatos. (5000 aurums)
mno_recruit_falcs2|Pagar as taxas de alguns voluntários experientes.  (10000 aurums)
mno_recruit_falcs3|Pagar as taxas de alguns voluntários veteranos.  (20000 aurums)
menu_red_immortals|Você derrotou o grupo dos Imortais Vermelhos e conseguiu capturar um dos Imortais e interrogá-lo. Ele diz que seu líder, chamado Mactabilus, está próximo e que ele os vingará. Então, o Imortal Vermelho se mata com uma adaga escondida antes que você e seus homens possam reagir.
menu_khivachis|Você derrotou Kunika. Pouco depois, um mensageiro dos Khivachis chega até você e diz que eles assistiram a batalha inteira e que Khivachis precisa que você relate a ela em Reichberg.
menu_perisno_start_welcome|Bem-vindo ao Perisno, aventureiro. Você logo descobrirá que este mod é um pouco mais difícil do que o Native, e que vai te levar para um mundo totalmente novo. Você conhecerá novos personagens, descobrirá tesouros perdidos há muito tempo, embarcará em missões perigosas e muito mais.^^Atualmente, o ano é 395. Você é apenas mais um entre os milhares de homens que buscam mudar o futuro. O Reino de Tolrania se espalha pelo centro de Perisno. O Reich des Drachen, com suas estranhas criaturas e cavalaria pesada, domina o norte junto com Maccavia. Os Reinos de Drahara e Hakkon compartilham os desertos, e o Reino Naphali de Elintor habita as florestas.^^Facções menores como os Adoradores de Grazir e os Assassinos de Ral'Daiun espreitam, esperando para pegar uma presa fácil. E em uma terra distante, uma frota de navios está se preparando para zarpar para Perisno... Em suas viagens, você encontrará ladinos, mercadores, heróis e muito mais.^^Notas: se você deseja verificar as histórias das facções, vá para Notas. Perisno é um novo mundo para você descobrir. Jogue como quiser e boa sorte, bravo aventureiro!
menu_book_rapier_read1|Você fecha a Antologia sobre o Duelista, depois de lê-la de capa a capa. Além de ter aprendido um pouco mais sobre o combate, você descobriu um relato intrigante feito por um Naphali Geldarino.
menu_book_rapier_read2|O Naphali, um patrulheiro chamado Dadithas, afirma ter visto o Duelista e seus poucos aprendizes leais chegarem e partirem da costa oeste da Fortaleza Azure para as ilhas desconhecidas de Aroulo. Se há um lugar para procurá-lo, pode ser a civilização da selva Arouliana.
menu_third_legion_fort|Você chega a um forte aparentemente ocupado, uma relíquia do passado pertencente ao Império Venetorano.
mno_enter_attempt|Tentar entrar no forte.
mno_enter_fort|Entrar no forte.
mno_attack_fort|Atacar o forte.
mno_claim_fort|Reivindicar o forte para Visavo Austad.
menu_enter_third_legion_succeeded|Os guardas lhe dão as boas-vindas ao forte.
menu_sneak_third_legion_failed|Ao se aproximar da entrada do forte, você avista alguns guardas da Legião vigiando o portão. Embora eles soassem o alarme se vissem você tentar entrar no forte, você percebe que eles parecem estar deixando qualquer um com o equipamento adequado da Legião passar sem hesitar...
mno_Leave|Sair.
menu_sneak_third_legion_failed_nonhuman|Ao se aproximar da entrada do forte, você avista alguns guardas da Legião vigiando o portão. Você percebe que eles parecem estar deixando qualquer um com o equipamento adequado da Legião passar sem hesitação, mas como você não é humano, terá poucas chances de se disfarçar. Talvez você deva ajudar a Legião em algumas batalhas para que eles o vejam como um amigo...
menu_third_legion_stronghold|Uma grande fortaleza está diante de você, em certo estado de abandono.
mno_approach_stronghold|Aproximar-se das muralhas.
mno_attack_stronghold|Preparar as escadas e entrar na fortaleza.
mno_attack_stronghold_door|Sair para o acampamento.
mno_enter_stronghold|Entrar na fortaleza.
mno_wait_assassins|Esperar na fortaleza pelo assalto.
menu_venetor_complete|{s25}
menu_venetor_victory|O último exército mercenário de Ral'Daiun está derrotado nas muralhas de Venetor.
menu_venetor_defeat|O exército mercenário de Ral'Daiun derrota a valente defesa montada pela Terceira Legião e {playername}. Embora você tenha consiguido escapar por uma saída lateral com Atanos Austad e evitado ser capturado, conforme cavalga para longe da fortaleza, você vê nuvens de fumaça subindo de dentro enquanto os Assassinos a arrasam.
menu_austad_arrival|Você e seus homens começam a ficar inquietos, você ouve alguma comoção do lado de fora e de repente o portão se abre. Você pega suas armas e vai investigar.
menu_venetor_defence|Você rapidamente avisa seus homens sobre o ataque iminente. Logo, eles estão prontos para a batalha, e você se junta a Atanos Austad e Visavo Hendrus no fascínio da fortaleza. Logo, você avista os capuzes vermelhos da vanguarda dos Assassinos à distância.
mno_begin_battle|Defender Venetor.
menu_venetor_defence_battle|As forças dos Assassinos de Ral'Daiun estão atacando a fortaleza.
mno_venetor_defend|Liderar seus soldados na defesa.
menu_sneak_third_legion_succeeded|Disfarçado com o equipamento de um soldado da Terceira, você engana os guardas e avança para o forte.
menu_sneak_third_legion_friendly|Depois de seus atos em apoio à Terceira, os guardas o reconhecem como um amigo e o dão as boas-vindas ao forte.
menu_third_legion_attack|Você se prepara para atacar o forte da Terceira Legião.
mno_third_legion_attack|Liderar seus soldados em um assalto.
menu_mysterious_place|Você está em um lugar misterioso...
mno_enter_scene|Entrar...
mno_enter_scene_door|Sair para o acampamento.
menu_grazir_shrine|Você se depara com um forte aparentemente abandonado na floresta. No entanto, conforme você se aproxima, começa a ouvir sussurros e gritos no fundo de sua mente. Você cuidadosamente atravessa os portões e lê uma inscrição desbotada que diz: "O Santuário de Grazir. Estranhos à Seita, cuidado..." Você...
menu_grazir_complete|{s25}
menu_demon_shrine|Você visita o Santuário Grazir.
mno_talk_shrine|Vá e fale com os Sacerdotes Grazir para se juntar à Ordem deles.
menu_galwe_library|Nos arredores da cidade de Galwe, você encontra um edifício grandioso com vista para o Mar de Âmbar. Você passa por grupos de estudiosos indo e vindo da mansão, muitos carregando pesadas pilhas de livros.
mno_visit_library|Visite a grande biblioteca.
mno_visit_library_door|Sair da área.
menu_fountain_temple|Ao se aproximar do desfiladeiro clandestino, você ouve o barulho da água enquanto os sons da civilização ao seu redor desaparecem. Você decide...
menu_lair_pirate|Depois de se aventurar por quilômetros de selva densa e calor intenso, você avista uma pequena ilha na costa de um mar interior. Você decide...
menu_start_game_new_backstory_northern|Você desembarca de seu navio em desgraça...
menu_returning_to_hylr2|Você desembarca em Hylr.
menu_svafar_duel_menu|Você se prepara para lutar.
menu_returning_to_hylr|Você está em um barco.
mno_start_travel|Voltar para Hylr.
menu_start_game_new_backstory_human_tropical|Pisando na praia você é abordado por alguns nativos de Aroulo...
menu_start_game_new_backstory_dwarf_karnoth|Você decide investigar...
menu_backstory_dwarf_karnoth_killed_demon|Você limpou a mina dos adoradores de Grazir, e o mestre da mina lhe dá uma recompensa, uma recompensa tal que você nunca mais teria que trabalhar na mina, 3000 de ouro. Ele também concorda que nada faltará para sua mãe. O punho de ferro o qual você está acompanhando reconheceu seu valor, dizendo que não há mais nada para ele lhe ensinar. O mundo está à sua disposição, aventureiro.
menu_backstory_human_tropical_killed_aroulo|Você matou os nativos e pegou suas coisas, sem dúvida irritou o Aroulo.
menu_backstory_human_tropical_visit_village|Você segue o nativo de volta para sua aldeia...
menu_perisno_inn_first_time|Aparentemente no meio do nada você encontra uma estalagem...
mno_interior|Entrar na estalagem.
mno_interior_door|Estalagem da Floresta Negra
mno_exterior|Aproximar-se da taverna...
mno_exterior_door|Lado de fora
menu_perisno_inn|Você está na Estalagem da Floresta Negra.
mno_campaign_map_inns_buy_drinks|Comprar alguns refrescos para você e sua companhia. (100 Aurums)
mno_campaign_map_inns_rent_room_24_hours|Arranjar hospedagem por um dia. (1000 Aurums)
menu_world_map_soldier|O que você precisa fazer, soldado?
mno_join_commander_battle|Seguir o comandante para a batalha.
mno_enter_town|Entrar na cidade.
mno_commander|Solicitar audiência com seu comandante.
mno_revolt|Se revoltar contra o comandante!
mno_desert|Abandonar o exército. (manter o equipamento, mas perder relações)
mno_report|Relatório do Comandante
mno_return_to_duty|Voltar ao trabalho.
menu_commander_aud|Seu pedido de audiência é retransmitido para o acampamento de seu comandante e, finalmente, {s6} aparece de sua tenda para falar com você.
mno_reject_talk_lord|Não, deixa pra lá.
menu_ask_revolt|Tem certeza que deseja se revoltar?
mno_confirm_revolt|Sim, {s6} será a morte de todos nós, é hora de agir!
mno_reject_revolt|Não, sou leal a {s6}.
menu_revolt|Você quer libertar os prisioneiros para ajudar seus homens?
mno_revolt_prisoners|Sim, assumo o arrisco por uma vantagem maior.
mno_revolt_no_prisoners|Não, eu não confio em prisioneiros.
menu_ask_desert|Você quer desertar?
mno_confirm_desert|Sim, isso é inútil.
mno_reject_desert|Não, sou leal ao meu comandante.
menu_desert|Enquanto estava no exército, você fez bons amigos. Alguns podem seguir você.
mno_desert_party|Tentar convencê-los a te seguir.
mno_desert_alone|Não, eu tenho uma chance melhor sozinho.
menu_upgrade_path|Em reconhecimento ao seu excelente serviço, você foi promovid{o/a}.
mno_upgrade_path_1|{s66}
mno_upgrade_path_2|{s67}
menu_troop_tree_switch_modes|Eu não deveria ver isso. Isso deve ser ocultado automaticamente por uma nova apresentação.
menu_prs_switch_modes|Eu não deveria ver isso. Isso deve ser automaticamente escondido por uma nova apresentação.
