lockitver|DO NOT DELETE THIS LINE! Tradu√ß√£o PTBR - 2015-2021 - by Cl√°udio Vieira e Evandro Neto
ip_dplmc_info|Feature: Diplomacy Mod{***}
ip_dplmc_info_text|The Diplomacy mod adds several essential features to the game. Most of them are accessed via your minister and several other new potential employees: a chamberlain, a constable, and a chancellor. You gain the opportunity to hire a chamberlain when you receive your first village, a constable when you gain your first castle, and a chancellor when you gain your first town. If you dismiss one of your employees, you may be able to rehire them through a well-connected spouse or one of the travellers who frequent the taverns of Perisno.^^Aside from these the mod has other features as well, which can be accessed from the Camp menu.^^This mod uses Diplomacy Version 4.3 (Sept 22, 2012).{***}
ip_dplmc_autoloot|Diplomacy: Auto-pilhagem/Auto-venda
ip_dplmc_autoloot_text|As configura√ß√µes de auto-pilhagem s√£o gerenciadas atrav√©s do menu de acampamento. Isso permite que os seus companheiros (herois nomeados, n√£o os soldados comuns) automaticamente selecionem o equipamento a partir da pilhagem ap√≥s a batalha. Para que essa caracter√≠stica seja ativada, um dos seguintes requisitos devem ser cumpridos: 1) algu√©m em seu grupo precisa ter a habilidade Pilhagem no n√≠vel 2 ou maior; 2) algu√©m em seu grupo precisa ter a habilidade Administra√ß√£o do Invent√°rio no n√≠vel 3 ou maior; ou 3) o pr√≥prio jogador precisa ter a habilidade Administra√ß√£o do Invent√°rio no n√≠vel 2 ou maior.^^O recurso de Auto-venda permite que voc√™ venda muitos itens no mercador de uma vez, em vez de vend√™-los um de cada vez. As configura√ß√µes de auto-venda s√£o gerenciadas atrav√©s do menu da cidade, onde voc√™ pode especificar quais tipos de itens deseja vender (por exemplo, voc√™ pode n√£o querer vender cavalos automaticamente) e um limite de pre√ßo (por exemplo, voc√™ pode n√£o querer vender automaticamente quaisquer itens que custem mais de 200 denares).^^Existem duas principais maneiras de usar a auto-venda. Se voc√™ falar com um mercador de cavalos, armeiro ou ferreiro em uma cidade, h√° a op√ß√£o de di√°logo para vender itens de um tipo espec√≠fico. Al√©m disso, ao visitar uma cidade, haver√° uma op√ß√£o na se√ß√£o Mercado do menu para vender automaticamente seus itens em todas as cidades.^^Os itens que voc√™ equipou nunca ser√£o vendidos, nem os tr√™s primeiros itens do seu invent√°rio. Depois disso, a auto-venda tamb√©m ignora qualquer coisa que ele pense ser seu equipamento pessoal (j√° que as pessoas geralmente t√™m mais de um). Independentemente de voc√™ t√™-los equipados, tamb√©m n√£o vender√° seu melhor arco, besta, armadura, elmo, botas ou luvas. Se voc√™ tiver um arco que possa usar, tamb√©m n√£o ser√° vendido seus tr√™s melhores pacotes de flechas e, se voc√™ tiver uma besta, n√£o vender√° seus tr√™s melhores pacotes de dardos. Para escudos, armas de uma m√£o, armas de duas m√£os, armas de haste e cavalos, ele n√£o vender√° seu melhor ou segundo melhor item. Suas tr√™s melhores armas de arremesso tamb√©m n√£o ser√£o vendidas. Entretanto, itens que seu personagem n√£o possa usar ser√£o vendidos.
ip_dplmc_autosell|Feature: Auto Sell{***}
ip_dplmc_autosell_text|The Auto Sell feature allows you to sell numerous items to a merchant all at once, instead of selling each item individually. Auto Sell settings are managed through the Town menu, where you can specify which types of items you want to be able to sell (e.g. you might not want to automatically sell horses) and a price limit (for example, you might not want to automatically sell any items that cost more than 200 aurums).^^There are two primary ways to use Auto Sell. If you speak to a Horse Merchant, Armorer, or Weapon Merchant in a town, there is a conversation option to sell items of a particular type. Also, when visiting a town, there will be an option in the Marketplace section of the menu to automatically sell your items throughout the town.^^For people who used Auto Sell in other mods, note that this sells from your own inventory, according to certain rules. Items you have equipped will never be sold, and neither will the first three items in your inventory.  After that, autosell also skips anything that it thinks might be your personal equipment (since people often have more than one set). Regardless of whether you have them equipped, it won't sell your best bow, crossbow, armor, helmet, boots, or gloves. If you have a bow you can use, it won't sell your best three packs of arrows, and if you have a crossbow, it won't sell your best three packs of bolts. For shields, one-handed weapons, two-handed weapons, polearms, and horses, it won't sell your best or second-best item. Your best three throwing weapons also will not be sold. However, items that your character is unable to use are considered fair game.{***}
ip_lore1|Lore: 1000 B.E. to 680 B.E.{***}
ip_lore1_text|Perisno is theorized to be the first inhabited territory in the world, with the first of these denizens being the ancient races of the land; giants, Naphali, dwarves and humans. The humans, known as Perilo, had numbers significantly smaller than the other races. The Naphali and dwarves lived in relative Isolation - The former confined to the deep western forests and the latter relegated to the tall southern mountains. There was little conflict between these different groups, owing to their geographical isolation, alongside the relatively sparse population density of the continent as a whole. Giant and dwarven history was not recorded in the Great Scrolls, so the two races were shrouded in mystery until much later.^^This balance of power began to shift with the Perilo growing in large numbers and occupying greater amounts of land. In the centuries following 1000 B.E., the increased competition for land drove both the humans and Naphali to assert themselves on the continent, driving large populations of giants eastward as early conflicts began to erupt. Although major powers were yet to emerge, the original Perilo - Who later named themselves the Kingdom of Perisno - had settled in the central territory of the continent in 700 B.E., while the Venetoran people and Klymorian Tribes started expanding their borders. The Venetoran people seceded from the Perilo early on, and thus claimed their own lands as disputes grew. Less is known about where the Klymorians originated. Of all the inhabitants, they're the most mysterious.{***}
ip_lore2|Lore: 680 B.E. to 450 B.E.{***}
ip_lore2_text|The original Kingdom of Perisno came to be around the year 680 B.E. Under King Garrcick, they flourished and their extended peace lasted over four centuries. Smaller surrounding tribes were soon consumed by the ever expanding Kingdom of Perisno; King Garrcick claimed even more land through diplomacy. His armies faced no opposition from the minor, fragmented tribes, as they saw no reason to resist Garrcick's rule. It wasn't long until the central plains and forests belonged to his growing kingdom.^^In the year 450 B.E., a scouting party encountered a village belonging to the Klymorian Tribes - Eventually banding together to form the Klymorian Empire. The king at this time, Haggenhold, third of his name, was leading a kingdom witnessing it's most prosperous era yet. He was a fair king, to an extent. Although he possessed a nasty temper, where he would be holed up in his castle for days without emerging. Upon discovering this new kingdom, Haggenhold deployed emissaries to learn more about the Klymorian people. Without any warning, they were slain and the bodies returned to the king with their heads severed. Such a gruesome act would lead to the inevitable spark of the greatest war the continent had ever witnessed.{***}
ip_lore3|Lore: 450 B.E. to 0 B.E.{***}
ip_lore3_text|In the year 447 B.E., Prince Kangrive of Perisno was leading a scouting party on the orders of King Haggenhold to scout out the vast woodlands to the West. He grew increasingly suspicious of the surrounding lands and what lay beyond charted territory. This led to his discovery of the Naphali (eventually known as Elintor). NOTE, more in depth lore will be made public soon. This is just the main Intro/Overview. The years spanning 447 B.E. to 0 B.E. were embroiled in fierce, endless wars that led to the fall of both kingdoms.{***}
ip_morale|A import√¢ncia da moral das tropas
ip_morale_text|A moral representa a capacidade e disposi√ß√£o das tropas em um ex√©rcito para reunir a resist√™ncia, o valor e a disciplina necess√°ria para enfrentar o frenesi dos combates e das longas marchas. N√£o √© o mesmo que a felicidade das tropas. Tropas de elite podem queixar-se e lamentar-se das dificuldades da campanha, mas logo permanecer√£o firmemente unidas quando as flechas come√ßarem a voar. Por outro lado, um comandante que d√° a seus homens tudo o que lhe pedem pode vir a criar uma tropa muito acomodada, que abandonar√° a luta ante o avan√ßo inimigo.^^O maior impacto da moral √© sobre o comportamento do ex√©rcito em plena batalha. Ela determina a agressividade das tropas ao enfrentar o inimigo, assim como a probabilidade de que seu esp√≠rito venha abaixo e todos fujam apavorados enquanto t√™m a sensa√ß√£o de que o futuro da batalha est√° se decidindo contra eles. A moral tamb√©m afeta a velocidade de um ex√©rcito em marcha, dado que tropas menos motivadas se mover√£o mais lentamente, j√° que os homens n√£o se sentir√£o motivados a avan√ßar com todas as suas for√ßas e ir√£o querer descansar mais frequentemente, esperando os retardat√°rios. Por fim, um ex√©rcito com a moral muito baixa come√ßar√° a sofrer deser√ß√µes.^^Alguns fatores que afetam a moral s√£o claramente intuitivos. Por exemplo, um comandante carism√°tico com uma reputa√ß√£o vitoriosa pode infundir em seus homens um sentimento de confian√ßa. Os l√≠deres que proporcionam a seus homens um amplo e variado suprimento de alimentos e provis√µes, e pagam as soldadas a tempo, demonstram que se preocupam com o bem-estar de suas tropas, e √© menos prov√°vel que as leve ao desastre.^^H√° tamb√©m outros fatores menos intuitivos, em particular os relativos ao sentido de coes√£o do ex√©rcito. Em um pequeno grupo muito unido, por exemplo, os homens frequentemente se mostrar√£o resistentes contra todos os progn√≥sticos desalentadores que enfrentarem, para evitar demonstrar covardia diante dos seus companheiros de armas. Um grande ex√©rcito, no entanto, pode ter uma fraca coes√£o, j√° que o comandante tem menos tempo para supervisionar diretamente a seus homens, ouvir suas queixas, e resolver suas controv√©rsias. As frequentes batalhas fortalecer√£o os la√ßos entre os homens, enquanto que os longos per√≠odos de tempo ocioso far√£o com que as tropas se aborre√ßam e relaxem muito.^^O relat√≥rio da moral, acess√≠vel ao clicar no bot√£o "relat√≥rios", permite ao jogador observar como os diferentes fatores afetam a moral de seus homens a cada momento.
ip_economy|Note: Economy{***}
ip_economy_text|Towns and villages in Perisno need a wide variety of goods for their populations to remain healthy and productive. First in importance is food. Grain is the staple crop of Perisno, but people also need fat and protein in the form of meat, fish, or cheese. It takes almost as much work to preserve meat as to produce it in the first place, so salt is also in high demand. After food comes clothing: heavy wool, lighter linens, or luxurious velvet. Finally, people need the tools of their trade: ironware, pottery, leatherware, and, of course, arms, armor, and horses for war.^^Most agricultural products are produced in the villages, while artisans in the towns specialize in manufactured or artisanal goods like fabrics or ironware. Also, different resources can be found in different parts of the country. Consequently, the key to prosperity in Perisno is trade -- both between the villages and the towns, and between the major towns themselves.^^When trade flows, goods will be available and affordable, the population of a center will be healthy and energetic, and migrants will flock from the nearby regions. The center will produce more, consume more, and be able to contribute more in taxes to their lords. When trade dries up, towns and villages will see their workers flee to seek work elsewhere, and economic activity will drift to a stand-still. Thus, it is in the interests of rulers to protect trade routes from the hazards of war and banditry. A smart merchant, however, may want to seek out towns which have become isolated from the rest of the land, as he or she may be able to turn a tidy profit from the resulting price imbalances.^^Because villagers usually plan to take their goods to market in towns, village markets will be rather quiet places, and villagers will buy cheap and sell dear. Serious merchants will stick to the towns to make a profit, although some parties may decide to make a quick stop in a village to acquire supplies.^^A player who wants to know about the factors affecting a region's prosperity can speak to the guildmaster of the local town. Other information can be gleaned from passers-by, although they might not know very much outside of their own particular trade.{***}
ip_foraging|Note: Foraging{***}
ip_foraging_text|To sustain and keep large armies happy you will need high morale, and one thing that helps build a high morale is food. Introducing Foraging, where you and your troops live off of the land. Foraging will not provide food items, it simply reduces the food consumed at each meal. This is an Agility based party skill with max level of 10. The skill level (modified by party bonus) sets a hard limit of the maximum number of food unit that can be foraged. For example, even if you can forage 30 food units from the area and you have only 1 level you foraging, you'll get a 5 units reduction to food consumption. The amount foraged has a bonus of x1.5 if camping (standard camp, waiting 24h on siege). The amount of food that can be foraged depends on local resources{***}
ip_courtship|Social - Cortejo
ip_courtship_text|Os jogadores podem desejar contrair matrim√¥nio com uma das nobres fam√≠lias de Calradia. O casamento n√£o √© necess√°rio para que um jogador consiga aumentar seu poder e status social, mas sim para dar aos jogadores a oportunidade de melhorar sua rela√ß√£o com os lordes e estabelecer direitos ao trono.^^Os requisitos do matrim√¥nio s√£o distintos para homens e mulheres. Um personagem masculino geralmente ter√° que seguir o caminho tradicional de cortejo √†s damas. Ele deve se estabelecer com uma reputa√ß√£o adequada entre a sociedade aristocr√°tica da Calradia, obter boas rela√ß√µes com os pais ou tutores de sua noiva, e depois conquistar a donzela de acordo com o costume local. Se um jogador fica impaciente, ele pode tentar tomar um atalho... mas haver√° consequ√™ncias em suas rela√ß√µes com outros lordes.^^Um personagem masculino deve estar ciente de que outros lordes estar√£o competindo contra ele pelo amor das damas do reino. Al√©m disso, os gostos de uma dama s√£o imprevis√≠veis, e um jogador tamb√©m pode descobrir que o objeto de seu amor n√£o o ama reciprocamente. Os romances, tanto em Calradia como em outros lugares, nem sempre chegam a prosperar. Claro, um jogador pode recorrer a outros meios menos cavalheirescos para ganhar o cora√ß√£o de uma dama, mas novamente, isso ir√° causar um impacto negativo em sua reputa√ß√£o.^^Para iniciar no caminho do cortejo, um jogador masculino dever√° tentar se envolver na vida social da aristocracia calradiana, frequentando a festas e torneios. Al√©m disso, trovadores e poetas errantes podem servir como um bom dispens√°rio de informa√ß√µes √∫teis sobre o noivado, o que manter√° o jogador atualizado sobre os √∫ltimos rumores^^Os personagens femininos tamb√©m podem se casar... mas dever√£o ter em mente que a sociedade de Calradia √© muito tradicional, e, como aventureiras, elas escolheram um caminho pouco convencional para uma mulher. Em todo o caso, um personagem feminino ter√° que investir um tempo at√© encontrar um lorde que tenha a mente suficientemente aberta para se casar com ela.^^Sob uma √≥tica positiva, um personagem feminino n√£o precisa passar pelos elaborados rituais do cortejo, e tamb√©m pode ganhar mais de um matrim√¥nio que sua contraparte masculina. Para uma mulher aventureira, o casamento pode ser uma rota r√°pida para o poder, e uma personagem sem escr√∫pulos pode ser capaz de usar seu marido como uma ferramenta de suas ambi√ß√µes pol√≠ticas.
ip_politics|Social - Pol√≠tica
ip_politics_text|Os reinos de Calradia, apesar de apresentarem culturas muito diferentes, todos seguem o mesmo sistema pol√≠tico b√°sico: o feudalismo. O feudalismo se baseia nas rela√ß√µes entre os indiv√≠duos: os juramentos de lealdade prestados por um vassalo a seu senhor. Em retorno deste juramento, o vassalo geralmente receber√° um feudo, uma por√ß√£o de terra cujos recursos ser√£o utilizados por ele para recrutar tropas com as quais apoiar√£o o soberano em tempos de guerra. Um soberano tamb√©m tem a obriga√ß√£o de proteger a seus vassalos, e de trat√°-los com justi√ßa.^^Assim √© como funciona o sistema, na teoria. Na pr√°tica, os vassalos nem sempre desempenham seu trabalho em interesse de toda sua fac√ß√£o, j√° que muitas vezes lutam entre si. Os nobres t√™m diferentes personalidades, e √†s vezes elas se chocam. Ou, talvez dois nobres sejam amigos, mas tal rela√ß√£o pode deteriorar-se depois de uma derrota... ou porque ambos pretendem cortejar a mesma dama. O ci√∫me vir√° √° tona na medida em que competirem entre si pelo favor de seu rei... talvez sobre as terras rec√©m-conquistadas, ou sobre suas pretens√µes de ser nomeado marechal do reino, o lorde encarregado da organiza√ß√£o das campanhas militares do reino em larga escala.^^Quando um reino em Calradia entra em guerra com outro, a unidade pol√≠tica de cada um deles √© t√£o importante quanto a qualidade ou o n√∫mero de seus soldados para conseguir um resultado vitorioso. Em um reino coeso, os nobres se unir√£o em uma grande for√ßa para varrer seus advers√°rios antes deles. Em um reino dividido por discuss√µes tolas, haver√° lordes que n√£o responder√£o aos chamados de seu marechal, ou se afastar√£o para atender seus pr√≥prios assuntos se a campanha n√£o estiver indo bem. A coes√£o pol√≠tica de uma fac√ß√£o tamb√©m afetar√° a guerra quando as campanhas n√£o est√£o em andamento. Em uma fac√ß√£o dividida √© menos prov√°vel que os lordes se juntem aos ataques e patrulhas, e que ajudem na defesa das terras de outros nobres.^^Se parece improdutivo que os nobres se dediquem a discutir e lutar entre si quando o inimigo est√° no horizonte, tenha em mente, em √∫ltima inst√¢ncia, que a lealdade de um nobre n√£o est√° em uma fac√ß√£o ou cultura em particular, e sim em si mesmo e na sua fam√≠lia. Se um nobre teme que sua fac√ß√£o est√° desmoronando ou que est√° sendo descuidada por seu senhor, geralmente ele pode encontrar um motivo para retirar seu juramento de fidelidade, e mudar de lado. Os jogadores devem ter isto sempre em mente, j√° que podem encontrar boas oportunidades para converter antigos inimigos descontentes em novos aliados.
ip_fog_of_war|Feature: Fog of War{***}
ip_fog_of_war_text|Fog of War can be toggled between on and off (You won't be able to toggle it once you have started the game, unless you access the cheat menu). Fog of War is exactly what it suggests. You simply travel around the world to uncover new areas on the world map. It is recommended to enable this feature as Perisno has a unique feature where you can buy maps to reveal the lands, and thus giving the player a better playthrough with more surprises.{***}
ip_character_backgrounds|Social - Biografia do Personagem
ip_character_backgrounds_text|O jogador pode optar para que seu personagem em Calradia proceda de uma variedade de origens sociais. Esta escolha afetar√° n√£o apenas seus equipamentos e habilidades no in√≠cio do jogo, mas tamb√©m o curso de sua carreira como aventureiro.^^A guerra e a pol√≠tica em Calradia encontram-se tradicionalmente dominadas pela aristocracia masculina. Um jogador com um personagem de origem nobre receber√° um convite ao "clube de velhos amigos" com bastante rapidez, enquanto que as mulheres e os plebeus podem enfrentar alguns obst√°culos adicionais no caminho. Se voc√™ decidir iniciar o jogo como um homem nobre, pode-se entender que esta √© a forma 'f√°cil' de come√ßar o jogo. Come√ßando como uma dama nobre ou como um plebeu √© algo mais dif√≠cil, e, claro, come√ßando como uma plebeia o jogador provavelmente encontrar√° a maneira mais desafiante de iniciar o jogo.^^No entanto, as mulheres possuem tamb√©m algumas vantagens no in√≠cio. Tradicionalmente √© mais f√°cil para uma mulher se casar e subir socialmente do que √© um homem, e uma mulher pode perceber que ganha mais de uma estrat√©gica alian√ßa marital do que sua contraparte masculina.^^Por √∫ltimo, o jogador deve estar ciente de que o jogo n√£o limita a mobilidade ascendente dos personagens baseando-se unicamente em seus antecessores. Nobre ou plebeu, homem ou mulher, casado ou n√£o... qualquer um pode chegar a se tornar o soberano de toda a Calradia, se for suficientemente corajoso, afortunado ou habilidoso.
ip_military_campaigns|Campanhas Militares
ip_military_campaigns_text|Quando os reinos de Calradia marcham para a guerra, seus ex√©rcitos t√™m duas op√ß√µes ofensivas b√°sicas. Eles podem tentar atacar as aldeias e destruir os campos, danificando o prest√≠gio e a economia de seus inimigos, ou ent√£o, tentar conquistar e manter castelos ou cidades, ganhando novos territ√≥rios. Esta √∫ltima implica em longos e sangrentos cercos, mas trar√£o resultados decisivos.^^√â importante salientar que nos dom√≠nios de Calradia n√£o h√° ex√©rcitos permanentes, que permane√ßam no campo de batalha apenas aguardando ordens do governante. Em vez disso, os reinos calradianos est√£o protegidos pelas comitivas feudais compostas pelos nobres mais importantes e seus s√©quitos individuais. √Äs vezes, estes nobres lan√ßam ataques por sua conta contra o territ√≥rio inimigo, mas os acontecimentos mais decisivos geralmente ocorrer√£o quando os grandes ex√©rcitos dos reinos se chocarem. O marechal do reino, um nobre designado pelo rei, convocar√° as tropas antes da campanha e os conduzir√° √† batalha. No entanto, ele deve ter o cuidado de n√£o mant√™-los no campo por muito tempo, caso contr√°rio, os ex√©rcitos come√ßam a desintegrar-se, j√° que os vassalos decidir√£o seguir seus pr√≥prios caminhos e o ex√©rcito se tornar√° vulner√°vel a qualquer contra-ataque.^^Por esta raz√£o, o ritmo das guerras em Calradia muitas vezes se assemelha ao ritmo de um duelo entre dois combatentes individuais. Um lado reunir√° sua for√ßa e procurar√° dar um golpe contra o territ√≥rio do inimigo. Se o marechal passa muito pouco tempo reunindo os vassalos, ele pode n√£o ser capaz de causar reais danos. Se ele gasta muito tempo, a campanha pode terminar antes mesmo de ter come√ßado. Um reino grande ter√° vantagem sobre outro menor, assim como um combatente forte tem uma vantagem sobre um inimigo menor, mas a coes√£o pol√≠tica de um reino tamb√©m pode ser um fator, assim como um lutador com grande resist√™ncia pode durar mais que seu oponente. √Äs vezes os ex√©rcitos dos reinos se encontrar√£o cara a cara, resultando em uma grande batalha onde a superioridade num√©rica e a moral das tropas decidir√£o o resultado.^^Os reinos devem agir com intelig√™ncia em suas campanhas militares. Antes de atacar, conv√©m enviar batedores para explorar o territ√≥rio inimigo e saber quais fortalezas podem ser mais vulner√°veis. Um ex√©rcito que defende sua p√°tria se beneficiar√° claramente das defesas apresentadas em castelos e cidades, que transmitem informa√ß√£o sobre os movimentos do inimigo na √°rea. No entanto, estes relat√≥rios tamb√©m ser√£o imprecisos, especialmente no que diz respeito ao n√∫mero de tropas inimigas. Uma for√ßa defensora que defende um cerco ou resgata uma aldeia pode ser capaz de reprimir um atacante despreparado... ou pode calcular mal, e descobrir que √© ele quem est√° sendo superado. Um ex√©rcito atacante, por sua vez, deve ter cuidado √† medida que avan√ßa pelo territ√≥rio inimigo, j√° que √†s vezes h√° marechais agressivos que aventuram-se mais al√©m do que se aconselha a prud√™ncia.^^Espera-se que os jogadores se juntem √†s campanhas militares de sua fac√ß√£o, seja unindo-se √† coluna principal do ex√©rcito, ou explorando √† frente em territ√≥rio inimigo. Alguns jogadores podem achar que o marechal de seu reino √© muito prudente ou agressivo demais para seu gosto. Neste caso, eles podem conspirar com outros lordes para tentar substituir o marechal, ou conseguir apoios para se tornar o pr√≥prio marechal.^^A maioria das guerras s√£o de dura√ß√£o limitada. Um rei que vai √† guerra, por uma quest√£o de honra, se sente obrigado a manter vivo o conflito em curto prazo. No entanto, a menos que seja profundamente importante derrotar seu inimigo, em breve ele poderia come√ßar a procurar uma solu√ß√£o para o conflito, para evitar tornar-se vulner√°vel ao ataque de um terceiro. Os governantes de Calradia s√£o muito conscientes de que o aliado de hoje pode ser o inimigo de amanh√£, e vice-versa.
ip_tolranianlore|Lore: Kingdom of Tolrania{***}
ip_tolranianlore_text|The Tolranians escaped the tyranny of the old, decaying Hakkon Empire. Haunted by their experiences in Hakkon, the leaders were determined to start life anew in Perisno.^^Entries from the journal of Captain Otto Waveshore:^^Day One:^^Enough is enough. We are fleeing the crumbling Hakkon Empire. We will start a new life elsewhere, in a place far from Hakkon. Far enough, so that theyíll lose our trail for good. We have begun to set sail, a motley bunch of men leaving on commandeered ships, graciously secured by our good friend Admiral Themistocles. He will face severe punishment for what he has done, but Themistocles knew the risks, same as all of us. As I look upon the endless sea, I fear most of us will not live to lay eyes upon our new home.^^Unknown Day:^^I have lost track of how many days we have been at sea. It feels as though ages have passed since we fled to the open waters. Half the ships were sunk. Either by marauding pirates, colossal monsters from the depths, or violent storms. Every day the crew offer prayers to Priapus, our God of Sailors.^^Unknown Day:^^It is unbelievable... We have caught sight of land at long last! The men are settling down in this new, lush land, which we named Perisno. No signs of native life have been discovered thus far, but right now it is the least of my worries. I fear that our successors will not live on. My health is failing, and I think this will be my last entry. - Captain Otto Waveshore^^Tolrania was founded in the year 323. They are a Republic, swearing to never repeat the mistakes of the Hakkon Empire far across the sea. For seven years, the Tolranian people prospered in this new land, free of the tyranny of Hakkon and King Comrey. Trade deals were struck with the Maccavians, and they thrived because of it. The population quadrupled in the coming years, and soon Tolrania was expanding. In the year 330, something unexpected happened: a Hakkon armada was following them into Perisno.^^At first the Tolranians were shocked, then angered. They anguished over the revelation of the Hakkon fleetís size.^^These were knights and nobles similarly dissatisfied with King Comrey, and set out to a new world. Almost every Tolranian there were second generation, and few of the first generation were still alive. However, their fathers told stories of the horrors in Hakkon.^^With no other option, they turned to the local Elintoran Naphali for aid. The Naphali archers were a mercenary company hired to do battle against the Hakkon forces. In a famous battle, the combined Tolranian-Elintoran Naphali force routed the Hakkon army.^^Hakkon was not defeated for good, but time was needed to rebuild their armies. The Tolranian people rejoiced, continuing to thrive.^^However, there would be a slight turn of fortune, as an outlaw group began to form near the woods of Tolrania. These outlaws declared the Tolranian government corrupt and disorderly. They deemed the name ëRepublicí itself hypocritical. The government ruled like a kingdom, and the other factions acknowledged this. Tolrania was dubbed ëKingdom of Tolraniaí by the surrounding factions. Soon the Tolranians alone remained in calling themselves a republic.^^The unified outlaws, led by an enigmatic man named Nibor Hood, became a large organization that were constantly a thorn in the Tolranianís side.^^Tolrania is ruled by a king, after the idea of a republic was abandoned. They possess a strong military, and their Kingsmen are the envy of the world. They field a diverse military; horse archers, foot archers, and infantry. The Tolranian military is composed of peasants recruited from villages. For heavy cavalry, they rely on their top tier noble troops. The forests teem with outlaws, and the lords are too lazy to stop them. The choice is yours to either unite Tolrania or destroy it.{***}
ip_drachenlore|Lore: Reich Des Drachen{***}
ip_drachenlore_text|The Reich Des Drachen originates in a land far from Perisno. It is rumored that actual dragons resided in their homeland - or used to. Their homeland is known as the Isle of the Dragon and reportedly it was a vast continent, where many strange and exotic creatures dwelled. The Reich are a very mysterious group and almost nothing - other than where they originate - is known about them. They arrived at Perisno in the year 363. It was clear from the moment they landed that their intentions were not to trade, but to conquer. With the massive armada they brought, the Reich deployed thousands of soldiers onto Perisnoan soil. The Reich swiftly colonized some native cities and transformed them into large, industrial metropolises. Fortresses and fortifications of tremendous size were constructed in ëtheir territoryí and soldiers patrolled the borders regularly. The surrounding factions were wary of this new threat, but did not act out of fear. Reports of dragons accompanying the Reich from their spies were made, although this claim was disputed, for the Reich had yet to reveal them. The Reich Dragon Priests spread across Perisno, preaching their faith to all. The head of the Dragon Priests wants to be king. Although he needs more men to aid him.^^The Reich has a strong military composed of infantry, spearmen and heavy cavalry. It is rumored that their noble cavalry ride real dragons. They are an extremely disciplined force that never flees under any circumstances. The government is a monarchy, and their mysterious emperor rules through divine right. He claims the dragon Gods have proclaimed him king and it is his right to rule the world under their decree. His right hand man is the mysterious High Priest of the Dragon. It is rumored that the High Priest is plotting to overthrow the Emperor, who he thinks is unworthy. He searches for a capable mercenary or adventurer to assist him.{***}
ip_draharalore|Lore: Drahara{***}
ip_draharalore_text|The Draharan people have always resided in Perisno. Theyíre a loosely united confederation of desert tribes. They overlook the western world, which they refer to as ëGhareeb.í Drahara is a reclusive nation, mostly confined to their deserts, never daring to venture more than a few miles into forests and grasslands. They're hardy people, thriving in the harshest environments. Most tribes are nomadic, but a few of the larger tribes have settled in cities near abundant resources. The Draharans are religious, believing in spirits and gods. Spread throughout the Draharan desert, ancient shrines and majestic temples can be found dedicated to them. Drahara is a term used for an ethnic group of people and many tribesmen consider it offensive to be called Draharan, instead of their respective clan or tribe name. That was tradition for centuries, but around the year 354 everything changed.^^An unnamed man walked into the capital city of the largest Draharan tribe and proclaimed himself a man sent by the gods. He could work wonders, perform miracles, and soon many became his followers. The man dreamt of a day where the Draharans ruled Perisno, forcing all the unworthy Ghareebians of the West to bow to their rule. The people were enraptured, his voice carried power, and everyone that heard him believed his words and pledged their allegiance. After five years, all the tribes had united under this manís leadership and their armies were ready to march. First, he immediately used the newly assembled military to annihilate every bandit party in the desert that they could catch. All desert rats and vultures that robbed others were rooted out and executed. It wasnít long before Drahara soon became free of such men, but it is rumored the persecuted bandits are still hiding in reclusive corners, waiting for revenge. The unnamed man continued to assert himself, and further establish dominance, training an elite guard of camel riders for himself. He had the elephant ridersí tribe pledge their allegiance and even the infamous Desert Assassins as well. They were ready to march to war by the year 395.^^Drahara became a confederation under their new, mysterious ruler. Each lord has their personal army, but all fought for one cause; conquest of the West. Although, there were a few souls that doubted this mysterious man and proclaimed their suspicions. The strongest man opposed to this new ruler was named Baibars. He voiced his protests against the unnamed man, stating he had no right to rule. Baibars was cast out and shunned, but remains alive waiting for someone to aid him. He now travels from kingdom to kingdom, attempting to find support.^^The Draharan military is simple, composed of archers, spearmen, and cavalry. However, due to the desert heat, they are not equipped with heavy armor. It is a basic army all around, but many lords enlist household troops originating from their own tribe.{***}
ip_maccavialore|Lore: Maccavia{***}
ip_maccavialore_text|Maccavia is a free cosmopolitan realm governed by a monarch, senate of nobles, and free men respectively. They are a faction of noble knights, religious individuals, diplomats and wealthy merchants. Maccavia was once a kingdom of northmen, sailors, and pirates. Yet with a change of fate, they laid down roots in the winterlands. They conquered and prospered for many years. Every man was the lord of their destiny, free to rule their life as they pleased. So long as they paid taxes, lived orderly, abided by the laws of the republic, and worked towards progress, that is.^^Maccavia is currently undergoing a religious schism between the New Gods followers and their values at odds with those of the Old Gods. Chivalry, love, duty, benevolence, family, order, grace and kindness are the virtues of the New Gods. Opposing them are the Old Gods values of war, honor, strength, ambition, domination, secrets and plots.^^Many nobles among the Maccavian Republic are followers of the faith and Gods - With those who practice the Old Gods beliefs being warmongering nobles bent on raiding, conquering, fighting, and demanding strength from their allies. Theyíre loyal hounds of the Maccavian Republic dictator. Opposing them are the New Gods nobles, followers of the new faith, who prefer to prosper and grow rich. Theyíll show kindness and grace, but also intolerance for followers of a different faith. Especially the Maccavian nobles that follow the Old Gods. To them, theyíre savages in opulent clothing. Inversely, Old God followers view those of the New Gods as cowards and weaklings. This conflict of ideals has been destroying the republic; good and evil mixed in a common goal.^^The Maccavian army is one of the best equipped in all Perisno. They carry curious contraptions and receive heavy weapon training. Every citizen is instructed in the use of weapons, horseback riding, literacy, and logistics. Their martial training is without equal. Numerous Maccavian soldiers are followers of the Old Gods, but not many of them rise through the military ranks, because most die in battle. Opposite of them, the New Gods disciples rise through the ranks quickly, with the drawback of less strength.^^The Maccavian army is split into divisions based on specialties of the trainee. Those who show a promising level of skill in a certain field are assigned to that division. If they show aptitude and perception, theyíll be trained to use a crossbow. The individuals with exemplary amounts of strength get assigned to the sword, spear and knight division respectively. And all Maccavian soldiers are trained in the use of heavy armor.^^Maccavian Squires are sons of nobles, training since childhood to excel in every division of martial arts. Theyíre educated, devout disciples of the faiths and Gods. As a result, theyíre recruited with a steep price. With extensive training they will become Maccavian knights.^^Squires of the Old Gods become Maccavian Black Knights and their counterparts become Maccavian Knights of Steel.^^Onto politics of the republic; King Agathor Krex is the dictator of Maccavia. While he desires to have full control of the republic, backed by his loyal hound disciples of the Old Gods, the New Gods followers dislike him and try to sabotage every attempt he makes for more power. None openly challenge his rule, but most would certainly follow a New God claimant.{***}
ip_elintoranlore|Lore: Elintor{***}
ip_elintoranlore_text|The Elintoran Naphali have resided in Perisno for ages. Theyíre extremely secretive and knowledge accumulated on them is scarce. The closest association any Perisnoans have had with them are the Tolranians. Both kingdoms fought side by side to defeat a massive Hakkon Army that invaded in the year 332. The notorious battle, dubbed ëBattle of Halfithí from then on, saw the Tolranians and Elintoran Naphali combined forces to defeat the larger Hakkon army. That fight solidified the might of Naphali archers in Tolranian minds. It was because of them that they managed to defeat the Hakkon army. They fired volley after volley at the legionnaires and when they sent in the lancers, they were outmaneuvered by Tolranian cavalry archers. After securing victory, the Elintorans returned to their reclusive way of life and eventually good relations with the Tolranians were broken. Forty years later, theyíre fighting a bitter war against them for unclear reasons.^^Currently, the Elintoran nation is ruled by Queen Arwen. It is not unusual for women to hold positions of power in the Naphali hierarchy. Some of the most notorious Elintoran rulers were, in fact, queens. However, times are changing in the Elintoran province. Some people, including the claimant, hold the belief that men should rule.{***}
ip_geldarinlore|Lore: Geldar{***}
ip_geldarinlore_text|The Geldarin Naphali are a rebellious offshoot of the Elintorans that currently inhabit a small peninsula beneath Forniron, the Elintoran capital. Theyíre a strange group and nobody knows the exact reason for defecting. Rumors pose the reason was civil war, others suggest it was because the Geldarin being a completely different species who faced persecution. Whatever the cause, both factions detest each other and to this day, Geldarin Naphali patrols continuously plague Elintor near Forniron. It is rumored Queen Arwen holds great disdain for the Geldarins and one day plans to wipe them from the face of Perisno once and for all. At a glance, these Naphali arenít so different, with the exception of armor styles. Even so, they despise the Elintorans a great deal and attack any of their parties on sight. Like the Elintoran Naphali, the Geldarins are master archers. They match, and perhaps even surpass, those of the Elintorans.{***}
ip_hakkonlore|Lore: Hakkon Empire{***}
ip_hakkonlore_text|The Hakkon people originated on an island far from Perisnoís shores. In the year 542 before the enlightenment, tribesmen and sailors set off from the mainland to the island of Hakkon. From there, the road was paved for a mighty civilization; the Hakkon Empire. In a few centuries, the Hakkonese rose from a minor island nation to a superpower in their world. Sailing technology was revolutionized and rumor had it that their navy was so great, and had such survivability that a journey around the entire world wouldnít sink a single ship. The empire quickly dominated surrounding minor island tribes and were poised to take the mainland. Their repeated efforts were met with failure and around the year 315, Hakkon was on the verge of collapse. Pestilence, internal corruption, and war had taken its toll on the once great empire.^^In the year 322, Emperor Comrey II ascended to the Hakkon throne. He was an indolent man who cared for nothing but food, wine and women. He shared no qualities with his father, Emperor Comrey I, who was a great man and rebuilt much of Hakkon after its economic downfall. On the other hand, Comrey II held lavish feasts in his palace on a near daily basis and the only times they werenít held is when he was too drunk to organize them. Throughout the kingdom, the citizens murmured and voiced their disgust of this creature of an emperor. Six months after he was crowned, in the year 323, they had enough. Admiral Themistocles, a powerful and wealthy man, arranged the escape of four ships that would sail to a new land to settle. He was a seasoned veteran, participating in many battles, but chose to stay behind in spite of his people begging him to go. Themistocles vowed to continue helping his people in resisting their tyrant emperor. Nearing the end of year 323, the men were ready to sail and all had hope for a better life in a new world.^^Emperor Comrey II was still on the throne in the year 329, but by then he was overweight and so lazy that his ministers had begun ruling the kingdom in his stead until a more suitable heir could be selected. The Hakkon Empire continued crumbling and many nobles were anxious to leave. Nobles and soldiers of the empire made their move by departing the island with a large fleet, following in the footsteps of the Tolranians. They arrived in Perisno by the year 330 and immediately began colonizing it. They took the name of the Hakkon Empire, referring to the one they came from as the Old Hakkon Empire to differentiate themselves.^^The Hakkon Empire grew in size over the years and was immensely prosperous. They frequently clashed with the Tolranians, losing many battles, but the empire was powerful, able to rebuild quickly and efficiently.^^Their empire is ruled by a monarch and the current king is Hakkon II ëThe Great,í named after the Hakkon rulers of old. Their government is efficient, with access to several trade routes and natural resources. Theyíre able to field a solid military composed of a variety of troops. Itís made up of heavy cavalry, heavy infantry, spearmen and crossbowmen.^^Trouble emerged after the death of King Hakkon IV in the year 350. He had no successor and now the Hakkon nobles were quarreling with each other in a civil war. The rest of Perisno only watched the conflict, never daring to interfere. The two sides were the Hammeriron family and Hakkon family. Ultimately, after hard fought and bloody battles, Hakkon III claimed the crown. However, the head of the Hammeriron family, Mjolnir, is still alive and seeking revenge. Trouble for the Hakkon empire didnít end there, though. New raiders, known as the Volheere, migrated to Perisno near Hakkon lands. They began to loot and kill anyone in their way. By 362, they became a large threat. The Hakkon Empire hasn't managed to deal with them yet.{***}
ip_valahirlore|Lore: The Valahir Clan{***}
ip_valahirlore_text|Hailing from Nisaynia, the Valahir people are a dominant clan. The Volheere Raiders are only an offshoot of their clan and even though they left the island because of harsh weather and no food, the Valahir Clan still rules and survives by demanding tribute from conquered tribes. Now, though, theyíve set their sights on Perisno with their abundant resources. However, many are reluctant to make the journey. The Valahir Clan is ruled by Clan Leader Ingveld and his vassals known as Aethlings. Their troops are all archers and infantry. Valahir heavy infantry can match the Maccavian Northguards in strength. Should the Valahir clan rally under Ingveld, the Maccavians - and possibly the whole continent - is in danger...{***}
ip_falconlore_1|Lore: Realm of The Falcon. Part 1{***}
ip_falconlore_1_text|The Realm of the Falcon seceded from Elintor in the early days of its founding, when the Naphali first began asserting themselves more and more. In the year 323, a few Elintoran nobles concluded that ceaseless wars and fruitless negotiations, led only by the intention to continue the bloodshed for the sake of honor, could no longer be their way and couldnít provide the future they dreamed of for their people. They decided it was better to live a poor and simple life rather than be invaders and power hungry plunderers in territory that wasnít their own. Elintor, constantly at war, was too preoccupied to stop the deserterís exodus from Forniron. They quickly vanished into the great woods on the Elintor border, adjoining the territories later inhabited by the Hakkon, finally settling at the base of the mountains.^^The isolation they chose protected them from the persecution of Elintor and other kingdoms, as planned. They were only considered another band of outlaws. Neither Elintor or other factions thought it worthwhile to devote resources into hunting them. The splinter group were left in peace - A peace which allowed them to flourish, taking advantage of their good relations with a few Tolranian lords to establish trade routes. After all, the Tolranians came to Perisno for the same reason. Those nobles and their followers had split with Elintor - And the fact that some Tolranian lords opposed these endless wars - made them sympathize and protect each other.^^As they settled down, they discovered people living in the woods nearby. A group of individuals with their own rites and beliefs.^^They were already followers of the New Gods, living in tandem with nature. These people, alongside their beliefs, quickly assimilated into the Realmsí culture and today nobody could assuredly tell who aligned with whom. One thing is certain; their beliefs were similar and therefore brought no reason for strife. From the beginning, the Realm Of The Falcon not only respected denizens of the continent, but their animals as well, being partly Naphali still. They used their empathy to form bonds of friendship with the very animals they depended on, rather than dominating them. Established bonds of trust were proven to be stronger and more effective. Another reason for this may have had something to do with the ever growing number of refugees from all corners of Perisno, lending their knowledge and manpower. These desperate people nurse dreams of hope for a better future for themselves and their children upon hearing rumors of peaceful life in the Realm Of The Falcon. They were Tolranian peasants, Maccavian smiths and traders from the Reich fleeing harsh tax burdens and inhumane treatment from their lords.^^In only a few years, this growing community blossomed into a sovereign state that at last christened itself with the name Realm Of The Falcon, originating from the falcons that assist their nobles during hunts. Hunting on horseback was a discipline the lords carried over from Elintor and the falcon represented wit, agility and chivalryÖ But, a growing community also required adequate protection. In 340, in response to more frequent caravan raids by the Hakkon Empire on the previously unknown trade routes, the lordís council made the decision to field an army incomparable to any other and difficult to defeat. Still lacking strength in numbers compared to other states, the Realm decided that only a strong core of cavalry would be a large enough deterrent from outside invasion and reduce vulnerability to surprise attacks. Heavy-heartedly, a conscription was implemented, knowing full well death in their lordís wars was the reason so many defected to the Realm Of The Falcon in the first place.{***}
ip_falconlore_2|Lore: Realm of The Falcon. Part 2{***}
ip_falconlore_2_text|Nevertheless, most citizens of the Realm understood and in 341 the first recruits mounted their formidable horses, descendants of the Naphali ones first brought by their masters from Elintor. It was part of the reason caravans were raided so often.^^Horses were the most important trade good of the Realm Of The Falcon and the Golden Hall in the capitalís center would never have been constructed were it not for the income that horse trading generated. This was only possible, because more and more terrain of the great woods needed to be cleared to make way for the growing number of people that had to be sustained with crops. These acres were also best suited for breeding horses. From 341 on, more clashes with the Hakkon Empire occurred and fears grew within the Realm Of The Falcon that open war was unavoidable; only postponed by the Empire because of continuous wars with the other kingdoms.^^War broke out in 345, but the Realmís strategy of enhanced cavalry was most effective. A Marshal was elected by the lords that held the authority of a king. Only temporarily, though, because these lords believed in a more democratic style and remembered the consequences in laying too much power into the hands of a single individual. The elected man wasnít even a noble, but the oldest son of a Maccavian family that migrated to the Realm Of The Falcon in 325. He proved himself to be extremely skilled, as he climbed the ranks of the newly built army unbelievably fast. The man showed extraordinary intelligence, tactical intuition, as well as courage. His name was Gunnar and after his victory over Emperor Hakkon II in 346 at the battle of Amarna, he was honored with the title ëThe Falconí after conquering the city. It was later returned in exchange for recognition and guaranteed safety of their trade routes.^^The Hakkon Empire vastly underestimated the Realmís strength and the determined militancy of its priests in particular. Their appearance alone can instill terror into anyone. The Empire was ignorant enough to engage Gunnarís army in an open-field-battle, which led to their shameful defeat.^^Following a peace treaty, the army was quickly rebuilt and the Realm flourished through trade like never before. The trade routes were considered safe, at least from further Hakkon raids. This, of course, incited desires within other kingdoms to aspire for the wealth created only through means of cautious diplomacy. The Realm Of The Falcon avoided another war until, in 395, it happened. Rumors of a new invading force approaching Perisno reached the Realm. The people shuddered at the rumored atrocities said to be committed by the unknown foe and much harder to defeat than any known army on the continent. Again, the lords decided to deploy Gunnar as opposition to this new great danger that had swept over the already war-torn lands of Perisno...{***}
ip_kuulanlore|Lore: Kuu-lan Horde{***}
ip_kuulanlore_text|The story of the Kuu-lan Horde begins far from Perisno, on the continent known as the Great Plain - a place renowned for its green fields and clear blue sky. For centuries, the nomadic inhabitants lived in peace on the vast continent.^^However, tensions grew as the once isolated nomadic families were forced to interact with each other as the population grew. Around the year 29, families began banding together - forming tribes - as the first violent conflicts erupted and dark times engulfed The Great Plain.^^One day, a prophet by the name of Kesser appeared and began preaching peace, begging the people to cease their senseless violence. He stated that a God would punish their wicked ways, but the nomads worshipped the spirits of their ancestors and didnít believe in Gods.^^Year 36 - A meteorite strikes the center of the continent, creating a massive crater. Kesser was the only survivor of the impact. The tribes from the unaffected areas of the continent gathered around him, concluding his miraculous survival as nothing short of divine intervention. Kesser then claimed the meteorite ore and crafted weapons that surpassed the work of the greatest craftsmen, naming it Dimir. The people made Kesser their Hakan, or ruler, marking the beginning of the Turan Empire and the worship of Kesserís God: Tangir.^^Year 53 - Kesser passes away and his second in command Dimir - who named himself after the meteorite ore - becomes the new ruler. Immediately he reinforces his power by repressing several nomadic nobles and gaining the support of the Turan people and elders.^^Marked as the Golden age of the Turan Empire.^^Year 221 - A merchant ship from Hakkon touches down on the Great Plain, leading to a trade deal between the Hakkon and Turan Empires.^^Year 223 - Hakan Kulak dies under mysterious circumstances and his regime is overthrown. Kulakís wife, son, and daughter escape. A temporary council of Khans becomes the new leadership of Turan to prevent contention and disorder until a new ruler is chosen.^^Year 227 - A Hakkon invasion fleet lands on The Great Plainís shores.^^Years 227-237 - Over the next decade, the Hakkon army overwhelms the Turan defenses, occupying several tribes.^^Year 239 - Saldar Olen rises to power. Many tribes secede from the Turan Empire.^^Years 240-262 - A 35-year war against Hakkon ends with a temporary truce. The Turan Empire managed to reclaim many lost tribes, but the rest remained securely in the hands of Hakkon. Olen falls in battle against rebel tribes. His younger brother - Anyz - is chosen to be the new Hakan. His right to rule is supported by legends that heís a distant descendant of Kesser.^^Year 263 - Rebels unite under the Leadership of Baatur Bulat, who claims to be the son of Kulak, hailing from Dimirís dynasty.^^Year 280 - Anyz and his family are slaughtered by rebels. Olenís children escape to one Hakkonís provinces. Kirran, the eldest, becomes an official, while his younger brother Kuulan becomes the leader of a band of Turan mercenaries under the employ of the Hakkon Empire. Dimirís dynasty is reinstated. Bulatís son - Mangi - becomes the new Hakan.^^Year 300 - Kirran and Kuulan relocate to the capital of Hakkonís provinces on The Great Plain.^^Year 330 - The brothers lead an army of their fellow tribesmen, under Hakkon banners, to the continent of Perisno. The fleet is delayed by a storm and Kirranís ship sinks with his entire family. Having received news of Emperor Comrey IIís death, Kuulan renounces his service to Hakkon. Several months later, he is slain in a clash against Hakkonese troops. His five sons - Aksakal, Karasakal, Boshman, Akin and Kengesh - ascend to leadership of the nomads and swear vengeance upon the Empire for their fatherís death. In following tradition, Boshman Baatur - the third son of Kuulan - becomes the ruler. Other nomads support him and form a faction in honor of the deceased leader - the Kuu-lan Horde.{***}
ip_giantslore|Lore: Sut & Bakhal Giants{***}
ip_giantslore_text|The giants of Perisno are an ancient race. Perhaps of the oldest inhabitants. Although, there are definitely contesting claims to that. Giants as a race, or ëSutií in their tongue - which means children of Sut, an earthen mother Goddess - are tall, muscular, with defined angular features and deep set eyes. Their size far outpaces humans, both in overall height and mass, as well as proportionally wider shoulders in males and females with wider hips in comparison to other races. Physiologically, they breed slower than the races and have a lower female to male birth rate ratio. Female giants often have twins when giving birth to infants. This has made the race of giants highly protective of their females, often keeping the giantesses away from activities that may endanger them. They will frequently be in charge of the home, supplies, and work as craftgiants. Most of the clothing, weapons, armor and day to day tools that arenít imported through trade are crafted by the hands of giantesses.^^Male giants, on the other hand, traditionally hunt and go off to war, and are generally less valued than the women. However, despite this, most political positions are held by the males, as the struggles for leadership and intricacies of power are not lost on giant kind - a race most others of Perisno think stupid and simple. Giantesses often take on the roles of venerated advisors instead of direct leadership, because of the rather large target direct political positions within the clan. Although that isnít to say that the female giants donít contest power among themselves.^^Giants form a largely power based society, either focusing on martial might, imposing your will as a male, skills as a craftgiant, able mother, or oracle in the case of giantesses.^^Giants used to be spread all across Perisno in close knit familial tribes and clans living a hunter-gatherer lifestyle, with some clans settled in paltry villages across the continent. Now, their main homeland is the Chiefdom of Sut. However, over the centuries, with the rise of Naphali supremacy and later human expansionism, giants faced persecution. Many races felt intimidated by them, as well as their rather violent capacity in warfare. Prejudice was common against the Suti, especially for realms such as the Reich and other major powers who often - if not outright killing giants on sight - enslaved them to work in grueling conditions until their mind and body were broken. While the clans of Sut settled and prospered in their mountainous homes and forests, the rest of giantkind across Perisno were driven to the East of the continent in a mass migration.^^Giants refer to this migration as the ëWalk of Sufferingí, or Gurthuíuk Ashtíkar in their tongue. Preyed upon by bandits and marauders this migration was characterized by its brutalization of the Suti people as they sought refuge. Even worse, the Sut giants denied their kin permission to settle in their lands. They feared overcrowding would cause more suffering through mass starvation. The rest of the giants bitterly cling to the memory, causing a great rift between the Suti people. At last they came to settle on the Eastern coasts of Bakhal, which roughly translates to ëExiled Landí in the giantís language.^^The Bakhal people suffered in squalor for years until a warlord going by the name Vharska united them in a battle of succession, forging a might confederation of the dispersed tribes with the motive of reclaiming lost glory for giant kind and to exact vengeance upon those who had persecuted their race; preaching fiery rhetoric of hatred and retribution against their enemies. It didnít take long for Vharska started to push his militarized people out into other lands, subsuming nearby coastal settlements straight from the sea. They proceeded to conquer, enslave and pillage the lands of humans and other races. His direct descendant carries on the will of his father, clinging to Vharskaís rhetoric with fondness. The Bakhal nurture dreams of conquering all Perisno for the sake of giant kind and paying back the people of Sut for their betrayal all those years ago, and extinguishing the flame of the other races for good.{***}
ip_perisnokingdomlore|Lore: Kingdom of Perisno{***}
ip_perisnokingdomlore_text|The final faction to emerge within the land of Perisno, bearing the name and will of the ancients. This kingdom will be formed once the player becomes a monarch under his/her own banner.^^History records it as the one true kingdom within the continentís borders. The Kingdom of Perisno was once a glorious and prosperous empire, until itís sudden collapse. Likely due to internal struggles for power. Given the current state of war consuming the land today, the resurrection of the Perisnoan Empire is likely nothing more than a vain dream. Nigh impossible, even.^^However, sequestered within the mountains that border Hakkon and Drahara, an ancient ruin remains from the once mighty empire: The Third Legion. Theyíre a noble group of descendants from the ancient empire, still roaming the land, opposing every faction and force in hopes of reforming the kingdom and restoring their ancestorsí legacy to one of glory once more.^^Perisno Pilgrims, another group that wishes for the empireís return, are similarly people descended from the empire. However, these ëPilgrimsí - unlike The Third Legion - are descendants of the common people of the kingdom. They long for the empireís peaceful rebirth and, unlike their noble counterparts, search for a hero with the skill and determination to raise it from the ashes, more glorious than ever before.^^Perisno, being a flexible nation, has the option of their policies to be determined by the ruler. It can be a monarchy or a republic. The ruler can bring justice and prosperity to the people, or cruelty and despair for eons to come.{***}
ip_cretaslore|Lore: Cretas Monarchy{***}
ip_cretaslore_text|The Cretas Commonwealth is a monarchy led by King Aolas. After two long, arduous wars against Elintor and the Reich, a set of military alterations known as the ëSchiathan Reformsí were put into effect. These reforms emphasized the role of spearmen, heavy infantry, and shieldbearers for protection against Elintoran Rangers and Drachen Dragoners.{***}
ip_zannlore|Lore: Zann Empire{***}
ip_zannlore_text|Emperor Zann is the bastard child of the God Emperor Shang Jin, who was the conqueror and unifier of the wild steppes of Khergia, massive Sine tribes, and the reclusive - yet powerful - Shun-Ha island dwellers. Emperor Zann launched a campaign to overthrow his father approximately halfway into the new year. Five cycles later, he is fighting a losing war against an enemy he underestimated. With word reaching Zann of the vulnerable state of the overseas continent called Perisno due to near ceaseless war, he makes the decision to retreat there, conquering as he goes. In order to prevent this, Shang Jin sends one of his most skilled Black Warriors - His nephew, Shi Jin - to warn the Perisnoan kingdoms of this looming threat.^^Zann remains behind with a core group of generals for the purpose of looting what he can from Nadire before departing for Perisnoís shores. He will appear one month after the Imperial army vanguard; surely believing that is all the time it will take to subjugate Perisno. The Jin Empire follows Zann after their invasion of Perisno, concluding itís necessary to purge their enemy from the continent and world as a whole.^^It is up to the player to ally themselves with the Jin to halt the Zann invasion, or even choose to annihilate both. The Zannís armies are hybrids of Mongolian, Japanese, and Chinese style soldiers. Theyíve come with formidable archers, experienced mounted archers, and intimidating infantry. Theyíre lacking in heavy cavalry, however, but that is their only flaw. On all other fronts, their army maintains balanced cohesion. Their style of combat is drastically different from the average Perisnoan army and this is either a good or bad thing.{***}
ip_aroulolore|Lore: Aroulo Ojibwakan{***}
ip_aroulolore_text|Work in progress.{***}
ip_kaikothlore|Lore: Kaikoth Confederation{***}
ip_kaikothlore_text|The Dwarves are native inhabitants of Perisno. They formerly held a position of great import within the Perisno Empire, through their commerce of metals and jewels, and exemplary relations with the Empireís human leaders. They once occupied twelve great cities, deep in the mountains, to serve as testaments of their eminence. No blacksmith belonging to another race could match the skilled dwarven craftsmanship. They refined rough minerals into opulent jewelry and forged exquisite armor. Later, when the Perisno Empire cracked and dissolved, the dwarves still felt the shockwaves of the collapse, despite never officially being part of it. The Naphali took the opportunity to attack. They displayed such savagery that it drove much of the dwarven population from their land and cities in the wake of the onslaught. However, the dwarves - proud as they were - couldnít bear to witness the enemy plunder their land and inhabit their cities. The dwarves employed ëscorched-earthí tactics as they retreated. Since the dwarves could no longer hold the land, neither could the Naphali lay down roots in territory that never belonged to them and closed the routes to cover their mass exodus.^^For the first time in centuries, the dwarves unanimously decided to elect a king. Each dwarven city was independent, but during the dark ages of the dwarven nation, the Tarhns gathered to elect one of them as their king. After some deliberation, they all agreed to select Bluin, Tarhn of the town of Nimazar. As their respected king and marshal, Bluin I led a massive army of dwarves with the goal of reclaiming their lands and beating the Naphali back. However, the dwarves had not waged war in centuries and even though the warriors were proud, they didnít have the strength. Thousands of dwarves were massacred in combat with the Naphali, leaving them vulnerable to other invaders. By the time Tolrania and Hakkon landed on the continent, the dwarves were mere shadows of their former glory. King Bluin fell in a desperate battle to save the Southern dwarven cities. Now, the twelve previously almighty cities were three: Nimazar, Anik-d˚r, and Hornogoth.^^Their king was dead, and his son - Tarhn Bruin II - would be in line to take the throne. When his father died, the dwarven Tarhns faced an unlikely situation. A king was killed without nominating a royal heir. For Tarhn bruin it was clear that, if his father had nominated an heir, it would have been him. However, the Tarhn of Nimazar claimed the throne rightfully belonged to him. According to law and tradition, the Tarhns had to assemble to choose the next king. Tarhn Bergnar, Tarhn of Nimazar, pushed for the assembly of the dwarven rulers. He used all his might to persuade the powerful family that ruled Anik-d˚r to support his claims to the throne. Much to the dismay of Bruin II, Bergnar was elected as the new king.^^Upon taking the throne, the new king had one statement to make: ëI will reclaim what is rightfully ours.í{***}
ip_minorfactionlore_1|Lore: Minor Factions. Part 1{***}
ip_minorfactionlore_1_text|^- The Volheere Raiders -^^The Volheere raiders call the continent of Nisaynia, which is near Perisno, their home. They're formidable people, surviving through harsh wintry conditions. Somehow, they pull through it yearly, yet the past decade has been particularly harsh on them. They believe their God, Woden, has forsaken them and view themselves as no longer worthy people. The raiders believe they are not ëholyí enough to reside on the land of Nisaynia, where their Gods roam. The entire Volheere people sailed away and by chance landed on Perisnoís shores. Upon first contact with the continent, they sacked everything they could find. Since then, theyíve established themselves as a minor power in Perisno. Their berserkers are a feared group. The leader, Ulfednar, is a formidable man. It will take the might of a strong hero to defeat the Volheere and wipe them off the face of the earth.^ ^- The Illica Falki -^^They've befriended a mystical bird-like beast living on the mountain called the Falki. Young children from the clan are chosen by a child Falki, grow up together, and become companions. When both reach adulthood, they will be sent to hunt all around the mountain ranges. In the past, the Illicans used to be a mighty clan among all of Perisno's native inhabitants. First it was the Elintoran Naphali and after that, the Reich Des Drachen invaded and attempted to force them into submission. The Illica clan was forced back to their home known as Castle Sky. Because of this, the Illica clan despises all foreigners who make the journey to Perisno.  They have a terrible relationship with the Elintor Naphali and Reich Des Drachen. They will often deploy various parties to sabotage the Reich's caravans and even attack the Reich lords' armies.^^Zeladeck, Illica's greatest Falki Knight, was not an Illican to begin with. He was an orphan raised by a lumberjack couple, living in the forest near the mountain range belonging to the Illicans. One day, he found a large injured Falki in the forest, and tended to its wounds. Nursing the Falki all day long for half a year, Zeladeck and the Falki formed a close bond. The Falki then regained its strength, and took Zeladeck to the Illica clan, only to reveal that the Falki is a direct descendant of the Sky King, the strongest and most respected Falki. He was 10 at the time. Zeladeck was then trained, and with his gifted ability as a warrior - alongside the good teamwork between him and his Falki - soon became the greatest Falki Knight. All by the age of 19. Some time after that, he returned to his home, only to find an abandoned wreck where it once stood. Enraged, he alone went to the Reich, in order to find the whereabouts of his parents and take his revenge. Upon crossing into Reich lands, he met a Drachenritter whose skill was on-par with his and they fought an entire day, ending in a stalemate. Unsatisfied with the result, Zeladeck returned to Illica to assemble his followers and attempt to settle the score, once and for all.^ ^- The Wolf Knights -^^The Wolf Knights were formed recently by a man named Lupus, who claimed he could communicate with wolves. He founded his Order, the Wolf Knights, with the sole purpose of claiming the land around him as his own. His Order grew extremely powerful and soon the land he sought became theirs. Their formidable Wolf Constables are nigh impossible to stop and some claim theyíve been blessed with the strength and speed of wolves. Rumors have been spread that they ride wolves into battle as well. Although there is no proof. The Wolf Knights are waging with their neighbors: The Reich, Drahara, and Maccavia. Proven in countless battles, even the formidable Drachen Dragoners are no match for the Wolf Knights. The Order fervently guards their secrets and nobody knows the location of their fort. The player should be weary of these knights wandering Reich territory, typically in parties of five to ten. Even five of these knights and one constable can wreak havoc on a well trained army.{***}
ip_minorfactionlore_2|Lore: Minor Factions. Part 2{***}
ip_minorfactionlore_2_text|^- The Syrin Nomads -^^The Syrin Nomads are currently migrating from their homeland: the Aelston Desert. After centuries of residing there, the desert became uninhabitable. Some speculate the Gods themselves were the cause. Having no other option, they were forced out of their ancestral home. Traveling through the vast and cruel deserts, the situation they found themselves in was becoming hopeless. One day, though, they chanced upon a settlement. The occupants said they were ruled by the Draharans. The Syrins, led by Queen Zolona, decided it would become the perfect home for them. So began the war between the Draharan nation and Nomads in the year 395. The war rages still, with Zolona ravaging the countryside, angry for her failures besieging the Draharan castle. It is up to the player to either aid or eliminate the Syrin Nomads.^ ^- The Desouk Slavers -^^It is unknown when the Desouk Slavers started their business, but theyíve profited greatly from it. In fact, they are so successful at their trade that most of their parties consist of many slaves. The Slavers do their dark business only for gold and are mortal enemies of the Manhunters, and rival slave trader groups. They mainly occupy territory around Desouk, but their influence is spreading steadily and soon their slave trade network may even find their way through Tolrania. They will be a minor nuisance to the player, but a nuisance nevertheless.^ ^- The Mosoru Riders -^^Mosuro Riders inhabit the desert lands separating the dwarven nation from the rest of Perisno. Theyíre a fierce, proud people, who care nothing for outsiders. The Riders are a solitary group that claimed the entirety of the desert beyond the mountains as theirs. If you find yourself in their homeland, you may regret it. The Mosoru ride horses; both male and female warriors participate in battle. Male riders are equipped with two swords and no shield. The female riders, on the other hand, come equipped with a sword and bow.^ ^- The Ukundu -^^The Ukundu people are native to the continent of Nisaynia. Although the land is shared with the Volheere Raiders and the Rafkla Clan, the Ukundu live in the remote jungles of Nisaynia far from the reaches of the other two clans and even further from Perisno. Only through tales picked up by Ukundu travelers did the recently returned King Raflklazan learn of the prosperous and dangerous land of Perisno. Having already conquered their jungle and surrounding area, the king of Ukundu was keenly awaiting an opportunity to expand his influence and power. Therefore, upon hearing of the opportunities for blood and glory in this foreign continent, he swiftly assembled a force of his best warriors and embarked on a voyage. Now on the Perisno mainland, an area of operations was established around Eastern Draharan territory. Ukundu war parties are a menace to smaller armies and their leader is rumored to patrol the deserts with an army of five hundred exotic warriors.^^The Ukunduís army is exceptional for two reasons. First, itís mostly composed of women. In Ukundu culture, men traditionally assume the roles of artisans, while women are trained to ride and hunt with sword and spear. Although men tend to be stronger in one-on-one combat, women have a unique talent, which is explained by the second reason: veteran Ukundu troops ride into battle atop tigers. This species of tiger endemic to Ukundu jungles are ferocious, swift animals. However, they are highly resistant to being ridden by human men. Even King Rafklazan himself must resort to riding a horse. Only in extremely rare cases will a male be accepted onto the back of an Ukundu tiger.{***}
ip_minorfactionlore_3|Lore: Minor Factions. Part 3{***}
ip_minorfactionlore_3_text|^- The Grazir Worshippers & Order of the Eagle -^^The Grazir Worshippers have always been in Perisno, proselytizing and attempting to spread their vile beliefs. Most sensible ignored them and passed on stories of the Worshippers to scare them, but there are always some foolish men that fall under the beliefs of Grazirs. The Grazir Worshippers are ordered in a hierarchy, with the Grazir Lord overseeing the order. None of them are actually Grazir, but rumors swirl that recent research has been conducted by the Grazir Worshippers to summon Grazir through the Underworld. Whether this is true or not remains for the player to decide - and find out.^^The Order of the Eagle was founded around the year 308 to combat the growing number of Grazir Worshippers. They started out righteous and pure, vowing to uphold justice and honor across the land. That was a long time ago. Now, the Order and Grazir Worshippers only have one difference: their beliefs. The Order of the Eagle are now vile and greedy, led by the Patriarch, and use intimidation to force other lords into giving them funds for their numerous campaigns against ëhereticí. The Order have been mortal enemies of the Worshippers since their founding and still remains so. However, word has spread of a secret weapon theyíre creating to permanently destroy the Grazir Worshippers. Whether this is true or not remains to be seen by the player as they progress through Perisno.^ ^- The New God & Old God Followers -^^Tensions among the Maccavian lords are becoming more and more evident to all. Itís a nation on the brink of civil war and their neighbors watch with hungry eyes as it looms closer. On one side are the followers of the Old Gods, who do not tolerate the New Gods followers. Both think each other heretics and the strife have torn apart families and friends. King Agathor Krex leads the Maccavian Old Gods followers and the New Gods Followers are a Republic. Both factions have designated elite troops. Holy Crusaders for the New Gods and Divine Aethlings for the Old. It is for the player to decide whether they want to follow the path of the Old Gods or the new. Alternatively, neither side can be chosen.^ ^- The Ankars -^^The Ankars are a matriarchal society. Only women are allowed to lead or hold positions of power and leadership. Men are usually slaves and prisoners of wars that are executed after serving their purpose. Any male sons are similarly sentenced to death, with the women trained from an early age to fight. The Ankars also have priests to conduct these rituals and occasionally fight on the frontline, wielding huge swords, but little armor. Theyíve been in Perisno for many years and never wander past their territory located in the Tolranian forests. Orders like those of the Eagle and Wolf Knights view them as abominations that must be purged. Due to their location, they frequently clash with Tolrania and Tolranian Outlaws inhabiting the forests alongside the Ankars.^ ^- Mercenaries -^^While exploring Perisno, youíll notice there are often large parties of mercenaries roaming the continent. These heartless souls care for nothing but gold and would do any job to get it. There exists parties of both men and women mercenaries alike that wander perisno, seeking throats to slit and captains to hire them. Some parties are large, while others are small and concentrated, but every one of them pose a threat to the player.{***}
ip_minorfactionlore_4|Lore: Minor Factions. Part 4{***}
ip_minorfactionlore_4_text|^- The Lymbardian Knights -^^Lymbardian Knights are the local knights of their region; County of Lymbar. They owe their allegiance to no-one, even though their geographic location implies otherwise. The Order was founded by a count of Lymbard long ago - Before Tolrania sailed to Perisno and when the Venetoran Empire ruled. Theyíve patrolled their territory since the foundation of their order and continue to do so centuries later. They are hostile to anyone encroaching upon their land, and so naturally, they will be hostile towards the player. While the knights they field arenít the greatest, theyíll still be able to pack a punch. Be weary of them, especially early on.^ ^- The Third Legion -^^The Third Legion is a remnant of the Ancient Venetor Empire, the first great power to inhabit Perisno. It is said that the Empire, under the prodigious Emperor Trilond, formerly ruled the better part of the world. There was not a remote corner of the continent that their fame hadnít preceded them. At the time, the Third Legion was Emperor Trilondís most prestigious army division. Several men of the Third served in his personal guard regiment. The leader of the Third, or Atanos, in the days of the Empire was a charismatic man named Octiem.^^However, in the year 67, Emperor Trilond fell ill in his old age. Preceding his death, tremendous infighting occurred within the Venetoran aristocracy over the matter of succession. By year 68, the provisional government failed to elect a candidate. Foreseeing certain doom in Venetorís future, Octiemís Third and a small group of civilian supporters fled the crumbling Empire and took refuge in southern Perisno, near modern day Amarna. They watched in shock as centuries of their built up civilization were a part of crumble in a series of rebellions. Soon, Octiem and his followers were the only remnants of the glorious Empire still intact to carry on its memory.^^Over the course of two centuries, the Third Legion and a few surviving members of the old Venetor Empire kept their traditions and customs safe. Operating out of an old military outpost that had been relatively untouched by the Empireís collapse. The Third courageously defended Perisno from increasingly prevalent threats to the continent. First it was the Grazir Worshippers, then the mischievous Elintoran Naphali. Now, the Third finds themselves surrounded by many diverse cultures that all pose a threat to the traditions of the old ways. Led by a direct descendant of Atanos Octiem, going by the same name, the Third desires to once again expand their powers from coast to Perisnoan coast, raising the long lost Venetor Empire from the ruins and expelling any opposition.{***}
ip_ridable_mounts|Feature: Rideable Mounts{***}
ip_ridable_mounts_text|Horses - Found all over Perisno.^ Camels - Found in Drahara.^ Elephants - Found in Drahara.^ Wyverns - Found in Reich Des Drachen.^ Wolves - Found in Reich Des Drachen and Maccavia.^ Tigers - Found in Draharan towns.^ {***}
ip_credits|Perisno Dev Team Credits{***}
ip_credits_text|^- Perisno Development Team (v1.3.5.1) -^^ Michadr^ cwr^ Leonion^ Reus^ Firestorm^ Syabr^ Empress Tofu^ Uberejho^ Arlaygio^ Dare2Die^ Jackblade^ Vulbjorn^ Angry^ ^^- Previous Perisno Developers & Contributors -^^ Dark Hamlet^ Seear^ Dominus^ Comrade Crimson^ Pitch Black^ Parcipal^ KonykSoldatyk^ Kesh^ mercury19^ Something Unusual^ Abot^ Gsanders^ habeo^ Revspartan^ Silberfalke^ Lord of Shadows^ Melanie Ward^ Zonnows^ Sinder87^ Largoras^ BrokenPhilosophy^ Matt15wish^ Lor Dric^ Zephilinox^ Tama^ Seoras^ dragos^ Gir Skywatcher^ JustJestering^ Keshan de Montfarah^ Daumor^ Thuro^ DarkGenius^ Lysandros^ Belendor^ Rakrak^ Lucas the Benevolent^ Xsavias^ Gryffindor^ hugrt^ Tpikol^ Knight of Calradia^ Dawn^ KoTuk^ Dark Omega^ Helengar CRiganian^ Friar Fish Fryer^ Mountainlights^^- Open Source Projects & Contributions -^^ Portions of Silverstag by Windyplains^ Portions of Rigale by Cernunos/Cromcrom^ Portions of TLD OSP by TLD Team^ Portions of 1429 : la Guerre de Cent Ans by FantasyWarrior^ Diplomacy 4.3 by Waihti^ Cinematic Compilation by DOMA ^ Native Expansion by soulmata^ Dynamic Troop Trees by Dunde^ Forts by Lumos^ Duel Kit by MartinF^ Female Faces by Corprus^ Modmerger by Sphere^ Battle Mini-map (and more) by Rubik^ Female Faces OSP by Corprus^ Freelancer by Taragoth^ Lor's Horses by Lor Dric^ Expanded Horizons 1.1 by Openshaw^ Utrehd's Castle Pack by Utrehd^ Bridge Battles by Arch3r^ Blood Enhancement Tweak 0.5 by neil v^ Formations AI by Motomaru^ Deathcam by Zephilinox & MadVader^^See the full list of credits on the Perisno board on the TaleWorlds forums.{***}
ip_Patrons|Patrons{***}
ip_Patrons_text|^-(As of v.1.3.4 -^^ Silverwind^ Nathen T.^ Jack P.^ Ionut-Daniel P.^ ErikvonLancaster^ Shameful Display^ redsimon^ Ruddy-Sann^ Kallie The Gabe^ ulfgo^ Alexander B.^ Dark Emperor Z^ Micheal H.^ jurrien^ Matthew H.^ MarcusSkatilsa^ Hintil^ Liam S.^^https://www.patreon.com/perisno{***}
